,ID,ra,dec,pmRA,pmDEC,Tmag,objType,typeSrc,version,HIP,TYC,UCAC,TWOMASS,SDSS,ALLWISE,GAIA,APASS,KIC,POSflag,e_pmRA,e_pmDEC,PMflag,plx,e_plx,PARflag,gallong,gallat,eclong,eclat,Bmag,e_Bmag,Vmag,e_Vmag,umag,e_umag,gmag,e_gmag,rmag,e_rmag,imag,e_imag,zmag,e_zmag,Jmag,e_Jmag,Hmag,e_Hmag,Kmag,e_Kmag,TWOMflag,prox,w1mag,e_w1mag,w2mag,e_w2mag,w3mag,e_w3mag,w4mag,e_w4mag,GAIAmag,e_GAIAmag,e_Tmag,TESSflag,SPFlag,Teff,e_Teff,logg,e_logg,MH,e_MH,rad,e_rad,mass,e_mass,rho,e_rho,lumclass,lum,e_lum,d,e_d,ebv,e_ebv,numcont,contratio,disposition,duplicate_id,priority,dstArcSec,EPIC,rafloat,decfloat,InvestigationIDs
0,5738930,348.025888,-12.086764,33.3159,4.20386,14.985,STAR,2mass,20180610,,,390-138745,23120620-1205123,,J231206.24-120512.2,2412978563231124096,7401058,,tmgaia,2.22848,2.22847,hsoy,,,,60.924277,-62.284346,344.269694,-6.396994,,,16.304,0.03,,,,,,,,,,,14.006,0.028,13.435,0.033,13.239,0.043,AAA-222-111-000-0-0,9.3,13.238,0.027,13.356,0.037,12.041,,7.814,,15.7029,0.0023123,0.019,gaiaj,,4231.0,172.0,,,,,,,,,,,DWARF,,,,,0.0353,,,,,,,0.13896344655916398,245922798.0,348.02588,-12.086725999999999,GO19067_LC|GO19068_LC
1,5738933,348.071899,-12.069173,0.893552,-1.86069,15.317,STAR,2mass,20180610,,,390-138748,23121725-1204090,,J231217.24-120408.9,2412979009907732480,7401164,,tmgaia,2.22218,2.22217,hsoy,,,,61.012312,-62.310013,344.318285,-6.398427,17.138,0.124,15.715,1.03,,,,,,,,,,,14.625,0.034,14.141,0.046,14.043,0.066,AAA-222-111-000-0-0,78.1,14.058,0.028,14.084,0.051,12.059,,8.368,,15.8297,0.00250164,0.021,gaiaj,,5514.0,186.0,,,,,,,,,,,GIANT,,,,,,,,,,,,0.11686821106549859,245923096.0,348.07187000000005,-12.069157,GO19067_LC|GO19068_LC
2,5725852,347.968908,-12.062366,31.45,11.21,13.728,STAR,2mass,20180610,,,390-138737,23115253-1203445,,J231152.56-120344.3,2413025807873305984,7400925,,tmgaia,2.0,2.0,sblink,,,,60.895191,-62.225045,344.227715,-6.35273,15.53,0.118,14.696,0.064,,,,,,,,,,,12.933,0.022,12.456,0.024,12.341,0.025,AAA-222-111-000-0-0,92.1,12.315,0.023,12.359,0.026,11.906,0.354,8.627,,14.3154,0.00106338,0.018,gaiaj,splin,4870.0,179.0,4.51243,2.00346,,,0.818209,0.818209,0.793837,0.0934813,1.44923,4.3477,DWARF,0.339265,0.339265,457.56,,0.0350314,,10.0,1.61884959e-08,,,,0.107437237206885,245923200.0,347.9689,-12.062337,GO19067_LC|GO19068_LC
3,5738934,348.029416,-12.051049,,,16.638,STAR,2mass,20180610,,,,23120705-1203037,,J231207.06-120303.5,,,,2mass,,,,,,,60.990368,-62.26585,344.28696,-6.365482,17.394,0.117,,,,,,,,,,,,,15.988,0.11,15.506,0.144,15.087,0.166,BBC-222-111-000-0-0,49.1,13.893,0.028,13.559,0.041,9.7,0.055,7.469,0.19,,,0.18,bpjk,,4934.0,180.0,,,,,,,,,,,,,,,,,,,,,,,0.014124004334346246,245923374.0,348.02942,-12.051049,GO19059_LC
4,5725844,347.955744,-12.021335,9.55087,-7.3219,12.825,STAR,2mass,20180610,,,390-138736,23114937-1201167,,J231149.38-120116.8,2413027250982286592,7400907,,tmgaia,2.22848,2.22847,hsoy,,,,60.949469,-62.190277,344.231954,-6.309933,14.251,0.076,13.793,0.16,,,,,,,,,,,12.208,0.022,11.848,0.025,11.777,0.025,AAA-222-111-000-0-0,48.2,11.733,0.023,11.806,0.024,11.513,0.24,8.565,,13.2815,0.000635267,0.018,gaiaj,splin,5219.0,183.0,4.45655,2.00373,,,0.923422,0.923422,0.8890419,0.108676,1.12907,3.38722,DWARF,0.5699599,0.5699599,465.288,,0.0357967,,12.0,0.0002585064,,,0.000332186115,0.1058105080534228,245923832.0,347.95575,-12.021306,GO19049_LC|GO19067_LC
5,5738942,348.087111,-11.994262,-49.27,-1.38,16.62,STAR,2mass,20180610,,,,23122091-1159393,,J231220.87-115939.3,2413003027364889856,,,tmgaia,2.0,2.0,sblink,,,,61.16068,-62.277234,344.361577,-6.335325,21.067,0.164,,,,,,,,,,,,,14.808,0.038,14.158,0.041,14.03,0.064,AAA-222-111-000-0-0,57.2,13.804,0.027,13.635,0.04,12.037,,8.636,,17.851,0.0109175,0.023,gaiaj,,,,,,,,,,,,,,DWARF,,,,,,,,,,,,0.06696867614847593,245924338.0,348.08713,-11.994261,GO19063_LC
6,5738973,348.161186,-11.988628,-1.44978,-28.4637,12.44,STAR,2mass,20180610,,,391-134526,23123868-1159190,,J231238.66-115919.4,2413003233523108992,7401363,,tmgaia,0.978851,0.925891,hsoy,,,,61.263675,-62.331921,344.430879,-6.358521,13.648,0.065,13.152,0.08,,,,,,,,,,,11.9,0.023,11.577,0.025,11.529,0.025,AAA-222-111-000-0-0,34.1,11.506,0.022,11.551,0.022,11.102,0.166,8.869,,12.8392,0.000513816,0.018,gaiaj,splin,5766.0,188.0,4.34755,,,,1.1282,1.1282,1.03250551,0.123591,0.719002,0.719002,DWARF,1.267559,1.267559,489.412,,0.0336271,,15.0,,,,,0.33411271794703723,245924453.0,348.1611,-11.988667,GO19049_LC|GO19065_LC|GO19067_LC
7,5738970,348.15344,-11.982914,,,16.68,STAR,2mass,20180610,,,,23123682-1158584,,J231236.79-115858.5,,,,2mass,,,,,,,61.263756,-62.32243,344.426116,-6.350295,17.034,0.098,,,,,,,,,,,,,16.003,0.09,15.422,0.121,14.687,0.111,ABB-222-111-000-0-0,34.1,14.142,0.029,14.0,0.048,11.496,0.234,8.776,,,,0.165,bpjk,,4518.0,175.0,,,,,,,,,,,,,,,,,,,,,,,0.0007199999978118295,245924572.0,348.15344,-11.982914,GO19059_LC
8,5738944,348.021353,-11.982817,-24.3069,-15.5453,11.426,STAR,2mass,20180610,,,391-134515,23120512-1158581,,J231205.10-115858.0,2413050168925719424,7401043,,tmgaia,0.920275,0.929776,hsoy,,,,61.097848,-62.218817,344.306536,-6.299608,12.522,0.063,11.982,0.092,,,,,,,,,,,10.797,0.022,10.534,0.025,10.45,0.023,AAA-222-111-000-0-0,22.1,10.403,0.023,10.449,0.021,10.376,0.093,8.247,,11.8918,0.000345996,0.018,gaiaj,splin,5831.0,190.0,4.33546,2.00353,,,1.15402,1.15402,1.05066192,0.124829,0.683627,2.05088,DWARF,1.38706315,1.38706315,310.613,,0.0350148,,22.0,0.00273554935,,,0.000517791661,0.1901889691887033,245924577.0,348.02133,-11.982769000000001,GO19049_LC|GO19065_LC|GO19067_LC
9,5725841,347.953354,-11.980719,,,16.411,STAR,2mass,20180610,,,,23114880-1158505,,J231148.88-115849.3,,,,2mass,,,,,,,61.016361,-62.164193,344.245782,-6.271642,15.212,0.112,,,,,,,,,,,,,15.911,0.106,15.322,0.14,14.757,0.138,ABB-222-111-000-0-0,57.8,14.291,0.053,14.22,0.078,11.714,0.48,7.501,,,,0.8,joffs,,5709.0,189.0,,,,,,,,,,,,,,,,,,,,,,,0.05634992867814785,245924621.0,347.95337,-11.980719,GO19059_LC
10,404244634,348.109069,-11.96224,174.16,-36.65,11.601,STAR,2mass,20180610,,,391-134521,23122618-1157440,,J231226.30-115744.4,2413050478163364352,7401232,,tmgaia,2.0,2.0,sblink,,,,61.243459,-62.275288,344.39408,-6.314273,14.038,0.06,12.809,0.114,,,,,,,,,,,10.66,0.028,9.951,0.023,9.831,0.021,AAA-222-111-000-0-0,94.2,9.779,0.023,9.837,0.021,9.806,0.058,8.013,,12.2932,0.000396927,0.019,gaiaj,spec,4250.0,64.0,4.98,0.12,-0.26,0.08,0.416239,0.051062,0.5822409,0.046738,8.07371,2.97132,DWARF,0.050925687,0.0124945743,,,0.0340289,,13.0,1.33305946e-06,,,,0.0749627750548389,245924999.0,348.10907000000003,-11.962219000000001,GO19049_LC|GO19065_LC|GO19067_LC|GO19068_LC
11,5738968,348.156876,-11.957331,28.7237,4.94802,12.514,STAR,2mass,20180610,,,391-134524,23123764-1157263,,J231237.65-115726.4,2413004985869764864,7401349,,tmgaia,2.22848,2.22848,hsoy,,,,61.312178,-62.309793,344.43931,-6.328073,14.079,0.059,13.402,0.126,,,,,,,,,,,11.84,0.024,11.404,0.024,11.322,0.025,AAA-222-111-000-0-0,32.9,11.295,0.023,11.341,0.021,11.295,0.178,8.388,,13.0145,0.000558671,0.018,gaiaj,splin,5071.0,181.0,4.48308,2.00352,,,0.874822,0.874822,0.848186135,0.100728,1.26687,3.80061,DWARF,0.45594126,0.45594126,323.189,,0.0338958,,16.0,0.001113929,,,0.000414337555,0.3095645221612768,245925092.0,348.1568,-11.957374,GO19049_LC|GO19067_LC|GO19068_LC
12,5738967,348.196731,-11.95512,-8.90604,-5.05804,15.272,STAR,2mass,20180610,,,391-134534,23124721-1157184,,J231247.19-115718.6,2413004848431044864,7401448,,tmgaia,2.22848,2.22847,hsoy,,,,61.366335,-62.339666,344.476276,-6.341313,17.006,0.069,16.091,1.133,,,,,,,,,,,14.513,0.03,14.013,0.036,13.914,0.062,AAA-222-111-000-0-0,47.5,13.928,0.027,14.013,0.05,12.249,,8.706,,15.835,0.00250998,0.02,gaiaj,,4950.0,180.0,,,,,,,,,,,DWARF,,,,,,,,,,,,0.13990315815916363,245925137.0,348.1967,-11.955144,GO19067_LC|GO19068_LC
13,5725837,347.938689,-11.952091,,,17.397,STAR,2mass,20180610,,,,23114528-1157075,,J231145.27-115707.7,,,,2mass,,,,,,,61.047218,-62.1356,344.243771,-6.239683,20.02,0.108,,,,,,,,,,,,,16.077,0.101,15.641,0.165,14.739,0.135,ACB-222-111-000-0-0,46.6,14.024,0.028,13.785,0.043,12.28,,8.606,,,,0.173,bpjk,,3544.0,166.0,,,,,,,,,,,,,,,,,,,,,,,0.03874820567532091,245925194.0,347.9387,-11.952091000000001,GO19059_LC
14,5741462,348.303963,-11.942677,6.78506,-14.9681,15.604,STAR,2mass,20180610,,,391-134548,23131295-1156336,,J231312.97-115633.8,2413010208549860096,7401711,,tmgaia,2.27032,2.27032,hsoy,,,,61.523744,-62.416049,344.578298,-6.370974,17.115,0.092,16.403,1.133,,,,,,,,,,,14.912,0.042,14.479,0.052,14.389,0.078,AAA-222-111-000-0-0,71.4,14.398,0.03,14.443,0.059,12.422,,8.896,,16.1179,0.00300926,0.024,gaiaj,,5117.0,182.0,,,,,,,,,,,DWARF,,,,,,,,,,,,0.202424822866077,245925406.0,348.30402000000004,-11.942684,GO19067_LC|GO19068_LC
15,404244636,348.133837,-11.93806,21.3696,-16.8868,13.962,STAR,2mass,20180610,,,391-134523,23123212-1156170,,J231232.13-115617.1,2413051989992094976,7401292,,tmgaia,2.28227,2.28226,hsoy,,,,61.316284,-62.280199,344.426038,-6.301514,16.316,0.084,15.123,0.355,,,,,,,,,,,13.027,0.03,12.392,0.029,12.364,0.026,AAA-222-111-000-0-0,38.9,12.278,0.023,12.385,0.025,11.884,0.339,8.374,,14.6486,0.00126672,0.019,gaiaj,,4448.0,174.0,,,,,,,,,,,DWARF,,,347.487,,0.0344,,17.0,0.000406662,,,,0.0634125558115295,245925487.0,348.13382,-11.938054,GO19067_LC|GO19068_LC
16,4579864,348.232288,-11.933957,28.4101,-31.0191,14.031,STAR,2mass,20180610,,,391-134538,23125574-1156022,,J231255.76-115602.3,2413005295107654656,7401537,,tmgaia,2.24052,2.24052,hsoy,,,,61.447807,-62.354774,344.516822,-6.33547,16.153,0.132,14.91,1.133,,,,,,,,,,,13.153,0.025,12.532,0.024,12.431,0.026,AAA-222-111-000-0-0,83.6,12.418,0.024,12.488,0.027,12.012,0.351,8.76,,14.6787,0.00128729,0.018,gaiaj,,4673.0,177.0,,,,,,,,,,,DWARF,,,390.596,,0.032,,13.0,1.04401735e-07,,,,0.22442141114092523,245925567.0,348.23227,-11.933897,GO19067_LC|GO19068_LC
17,4554210,347.998285,-11.933584,20.1,-29.9,6.676,STAR,2mass,20180610,114536,5824-00496-1,,23115958-1156008,,,2413051302797084416,,,tmgaia,1.3,1.2,tycho2,5.54,2.37,hip,61.153562,-62.171301,344.305032,-6.245471,8.887,0.038,7.00634,0.023,,,,,,,,,,,7.061,,6.646,,4.917,0.027,UUA-001-001-00c-0-0,2.6,,,,,,,,,7.41889,0.000345996,0.021,gaiak,splin,5136.0,182.0,,,,,0.895408,0.895408,0.866131,0.103919,1.20648,3.61944,GIANT,0.5026167,0.5026167,180.505417,77.2198,0.034789,,,,,,,0.31790611821344034,245925582.0,347.9982,-11.933553999999999,GO19051_LC|GO19067_LC
18,5741463,348.286842,-11.932063,-10.6035,-20.6976,12.307,STAR,2mass,20180610,,,391-134546,23130884-1155553,,J231308.84-115555.6,2413004401753983232,7401665,,tmgaia,1.03388,1.03386,hsoy,,,,61.52029,-62.396284,344.566978,-6.354643,13.953,0.057,13.175,0.114,,,,,,,,,,,11.602,0.021,11.156,0.023,11.096,0.023,AAA-222-111-000-0-0,32.2,11.063,0.024,11.14,0.021,11.106,0.148,8.784,,12.8295,0.00051144,0.017,gaiaj,splin,5049.0,181.0,4.48665,2.00351,,,0.868121,0.868121,0.842131555,0.0997718,1.28718,3.86155,DWARF,0.441241384,0.441241384,277.244,,0.0312515,,20.0,0.002906252,,,0.000455968664,0.20695590039719344,245925615.0,348.2869,-11.932072,GO19049_LC|GO19065_LC|GO19067_LC|GO19068_LC
19,4520656,347.870712,-11.920332,20.623,-8.30066,15.248,STAR,2mass,20180610,,,391-134497,23112896-1155131,,J231128.98-115513.4,2413031752107835648,,,tmgaia,2.24343,2.28443,hsoy,,,,61.016865,-62.06328,344.194703,-6.184435,18.248,0.048,16.531,1.133,,,,,,,,,,,14.125,0.032,13.468,0.033,13.321,0.041,AAA-222-111-000-0-0,16.9,13.237,0.025,13.276,0.038,12.133,,7.947,,16.0632,0.00290355,0.02,gaiaj,,4137.0,171.0,,,,,,,,,,,DWARF,,,,,,,,,,,,0.2396588152760818,245925841.0,347.87073,-11.920396,GO19067_LC|GO19068_LC
20,5741465,348.320583,-11.917579,10.6222,-9.4918,11.607,STAR,2mass,20180610,,,391-134549,23131693-1155032,,J231316.96-115503.4,2413010414708197504,7401756,,tmgaia,0.968551,0.934193,hsoy,,,,61.588162,-62.413922,344.603248,-6.354257,13.535,0.061,12.601,0.092,,,,,,,,,,,10.821,0.021,10.287,0.023,10.217,0.025,AAA-222-111-000-0-0,31.1,10.137,0.024,10.239,0.021,10.242,0.075,8.927,,12.1895,0.000378081,0.017,gaiaj,,4691.0,170.0,,,,,,,,,,,GIANT,,,,,0.0316703,,,,,,,0.2529665564438721,245925902.0,348.32065,-11.917603999999999,GO19067_LC|GO19068_LC
21,4554205,348.000306,-11.91711,,,18.134,STAR,2mass,20180610,,,,23120007-1155015,,J231200.06-115501.4,2413051405879190144,,,tmgaia,,,,,,,61.184371,-62.163032,344.313349,-6.231085,14.066,0.113,,,,,,,,,,,,,15.938,0.107,15.579,0.161,14.886,0.152,ACB-222-111-ccc-0-0,27.2,13.599,0.028,13.445,0.036,9.799,0.063,8.014,,19.5627,0.0480833,0.063,gaiaj,,7352.0,210.0,,,,,,,,,,,,,,,,,,,,,,,0.021146723901137025,245925909.0,348.0003,-11.917110000000001,GO19059_LC
22,4520658,347.896619,-11.916545,8.30045,6.89918,11.672,STAR,2mass,20180610,,,391-134500,23113518-1154595,,J231135.19-115459.6,2413031786465691008,7400748,,tmgaia,0.934211,0.972097,hsoy,,,,61.055656,-62.081358,344.219658,-6.190865,12.853,0.056,12.281,0.08,,,,,,,,,,,11.145,0.025,10.855,0.022,10.814,0.022,AAA-222-111-000-0-0,84.0,10.766,0.022,10.853,0.022,10.741,0.161,8.576,,12.0602,0.000355872,0.019,gaiaj,splin,5930.0,191.0,4.31732,2.00367,,,1.19561,1.19561,1.08159745,0.131159,0.632845,1.89854,DWARF,1.592547,1.592547,369.177,,0.0359455,,17.0,6.565878e-05,,,0.0004120831,0.2340525553731084,245925916.0,347.8966,-11.916607,GO19049_LC|GO19065_LC|GO19067_LC
23,5725835,347.94526,-11.910661,2.15678,-4.84999,14.877,STAR,2mass,20180610,,,391-134505,23114686-1154383,,J231146.85-115438.4,2413054498253011200,7400873,,tmgaia,2.22848,2.22848,hsoy,,,,61.126501,-62.116009,344.26603,-6.204072,17.362,0.045,16.072,1.133,,,,,,,,,,,13.786,0.028,13.139,0.03,13.003,0.03,AAA-222-111-000-0-0,12.9,12.9,0.024,12.958,0.031,11.974,,8.76,,15.6713,0.00226794,0.019,gaiaj,,4168.0,166.0,,,,,,,,,,,GIANT,,,,,,,,,,,,0.06507745269786412,245926035.0,347.94525,-11.910675999999999,GO19067_LC|GO19068_LC
24,4579859,348.237497,-11.908195,,,17.128,STAR,2mass,20180610,,,,23125699-1154295,,J231257.00-115429.6,,,,2mass,,,,,,,61.498767,-62.343358,344.531695,-6.313765,17.665,0.112,,,,,,,,,,,,,16.438,0.104,15.663,0.142,15.237,0.148,ABB-222-111-000-0-0,53.2,14.724,0.034,14.563,0.068,11.264,0.189,8.331,,,,0.175,bpjk,,4587.0,176.0,,,,,,,,,,,,,,,,,,,,,,,0.010592077805278068,245926090.0,348.2375,-11.908195,GO19059_LC
25,5738953,348.066618,-11.904626,-40.59,-82.26,16.477,STAR,2mass,20180610,,,,23121599-1154165,,J231215.95-115417.4,2413051680754466560,,,tmgaia,2.0,2.0,sblink,,,,61.289077,-62.207516,344.378327,-6.244996,20.969,0.164,,,,,,,,,,,,,14.664,0.034,14.046,0.043,13.74,0.045,AAA-222-111-000-0-0,40.0,13.588,0.026,13.424,0.035,12.172,,8.658,,17.7094,0.00972586,0.022,gaiaj,,,,,,,,,,,,,,DWARF,,,,,,,,,,,,0.1254779361900279,245926174.0,348.06662,-11.904591,GO19063_LC
26,5738963,348.17851,-11.902492,-6.70309,-5.17813,15.615,STAR,2mass,20180610,,,391-134531,23124284-1154089,,J231242.82-115409.2,2413052539747926144,7401405,,tmgaia,2.25901,2.25901,hsoy,,,,61.433876,-62.293808,344.480515,-6.285907,17.433,0.266,16.411,1.133,,,,,,,,,,,14.856,0.035,14.28,0.046,14.318,0.075,AAA-222-111-000-0-0,32.5,14.231,0.029,14.339,0.058,12.342,,8.679,,16.1774,0.00312938,0.021,gaiaj,,5035.0,181.0,,,,,,,,,,,DWARF,,,,,,,,,,,,0.5395651747893582,245926206.0,348.1784,-11.902596,GO19067_LC|GO19068_LC
27,5738955,348.045647,-11.900255,5.07269,-3.56617,13.078,STAR,2mass,20180610,,,391-134516,23121095-1154009,,J231210.96-115400.8,2413051852552897536,7401103,,tmgaia,2.23247,2.28941,hsoy,,,,61.27021,-62.18847,344.361054,-6.23294,14.648,0.056,13.9,0.137,,,,,,,,,,,12.407,0.023,12.021,0.025,11.907,0.023,AAA-222-111-000-0-0,37.0,11.863,0.023,11.914,0.024,11.588,0.261,8.574,0.515,13.5754,0.000733056,0.018,gaiaj,,5139.0,182.0,,,,,,,,,,,DWARF,,,,,0.0343326,,,,,,,0.1652183242185366,245926246.0,348.04565,-11.900209,GO19049_LC|GO19067_LC|GO19068_LC
28,404244638,348.158999,-11.899282,,,10.516,STAR,2mass,20180610,,,391-134525,23123815-1153574,,J231238.15-115357.3,,7401355,,2mass,,,,,,,61.414729,-62.276618,344.464108,-6.275476,12.386,0.06,11.396,0.046,,,,,,,,,,,9.606,0.03,9.002,0.047,8.894,0.019,AAA-212-111-000-0-0,2.2,8.796,0.024,8.899,0.02,8.299,0.024,6.759,0.109,,,0.049,vjk,,4654.0,177.0,,,,,,,,,,,,,,,,0.035229,,,,,,,0.12666091625919249,245926259.0,348.15897,-11.899261,GO19067_LC|GO19068_LC
29,4520660,347.91052,-11.897583,28.8596,-4.20937,15.284,STAR,2mass,20180610,,,391-134503,23113852-1153512,,J231138.55-115351.5,2413055288528696064,7400787,,tmgaia,2.24052,2.24052,hsoy,,,,61.105487,-62.08094,344.23971,-6.178737,17.129,0.08,15.977,1.133,,,,,,,,,,,14.505,0.036,14.06,0.042,13.927,0.055,AAA-222-111-000-0-0,56.7,13.928,0.027,14.029,0.05,11.697,,8.327,,15.8607,0.00255084,0.021,gaiaj,,5079.0,181.0,,,,,,,,,,,DWARF,,,,,,,,,,,,0.2155972346629934,245926296.0,347.91055,-11.897635000000001,GO19067_LC|GO19068_LC
30,5725832,347.94923,-11.896714,,,17.367,STAR,2mass,20180610,,,,23114781-1153481,,J231147.81-115347.9,,,,2mass,,,,,,,61.155368,-62.110783,344.275115,-6.192757,19.913,0.117,,,,,,,,,,,,,16.015,0.11,15.308,0.11,14.519,0.103,BBA-222-111-000-0-0,17.8,13.755,0.027,13.444,0.037,12.165,0.421,8.751,,,,0.178,bpjk,,3441.0,165.0,,,,,,,,,,,,,,,,,,,,,,,0.03523410619276852,245926308.0,347.94922,-11.896714,GO19059_LC
31,404244640,348.158641,-11.896377,,,15.537,STAR,2mass,20180610,,,,23123807-1153469,,,,,,2mass,,,,,,,61.419268,-62.274593,344.464928,-6.272666,,,,,,,,,,,,,,,15.037,0.206,13.46,,13.115,,CUU-266-200-c00-0-0,10.3,,,,,,,,,,,0.8,joffs,,,,,,,,,,,,,,,,,,,,,,,,,,0.03875616067613689,245926318.0,348.15862999999996,-11.896377000000001,GO19053_LC|GO19059_LC|GO19067_LC
32,5738957,348.058625,-11.887767,24.2301,10.2057,13.193,STAR,2mass,20180610,,,391-134519,23121406-1153159,,J231214.08-115315.7,2413051886912635648,7401141,,tmgaia,2.22848,2.22847,hsoy,,,,61.307952,-62.191148,344.377727,-6.22642,14.761,0.058,13.943,0.114,,,,,,,,,,,12.558,0.022,12.197,0.027,12.094,0.023,AAA-222-111-000-0-0,15.2,12.068,0.023,12.152,0.026,11.605,0.271,8.645,,13.6641,0.000765756,0.018,gaiaj,splin,5409.0,185.0,4.41815,2.00405,,,0.992799,0.992799,0.9406807,0.119736,0.961298,2.8839,DWARF,0.7601255,0.7601255,526.84,,0.0344634,,22.0,0.00373660144,,,,0.16223898981378862,245926489.0,348.05862,-11.887722,GO19049_LC|GO19067_LC
33,4520662,347.898132,-11.887528,0.808189,-18.7515,15.564,STAR,2mass,20180610,,,391-134502,23113555-1153150,,J231135.54-115315.2,2413055357248149888,7400754,,tmgaia,2.31104,2.34653,hsoy,,,,61.107231,-62.065212,344.232446,-6.164741,17.224,0.026,16.192,1.133,,,,,,,,,,,14.859,0.041,14.407,0.056,14.294,0.07,AAA-222-111-000-0-0,28.1,14.347,0.029,14.372,0.065,12.395,,8.675,,16.0864,0.00294781,0.023,gaiaj,,5244.0,183.0,,,,,,,,,,,DWARF,,,,,,,,,,,,0.23514723948899025,245926498.0,347.89807,-11.887552000000001,GO19067_LC|GO19068_LC
34,4579856,348.240099,-11.882727,4.0,-84.0,17.239,STAR,2mass,20180610,,,,23125762-1152577,,J231257.62-115258.5,,,,2mass,8.0,8.0,sblink,,,,61.545877,-62.330064,344.544091,-6.291331,,,,,,,,,,,,,,,15.548,0.048,14.956,0.072,14.675,0.099,AAA-222-111-000-0-0,54.9,14.526,0.031,14.372,0.061,12.304,,8.86,,,,0.64,jhk,,,,,,,,,,,,,,DWARF,,,,,,,,,,,,0.10373983283267785,245926592.0,348.2401,-11.882698,GO19063_LC
35,4520664,347.874492,-11.882275,-1.13814,-4.68616,12.265,STAR,2mass,20180610,,,391-134498,23112987-1152561,,J231129.87-115256.3,2413032164422812288,7400710,,tmgaia,2.24053,2.24052,hsoy,,,,61.086719,-62.043524,344.213099,-6.150856,14.203,0.052,13.273,0.126,,,,,,,,,,,11.448,0.025,10.924,0.022,10.815,0.022,AAA-222-111-000-0-0,38.3,10.757,0.024,10.839,0.023,10.524,0.101,8.428,,12.8687,0.000521078,0.018,gaiaj,,4625.0,169.0,,,,,,,,,,,GIANT,,,,,0.0361059,,,,,,,0.1066557368593965,245926600.0,347.87448,-11.882302000000001,GO19067_LC|GO19068_LC
36,4579893,348.395744,-11.858406,,,14.372,STAR,2mass,20180610,,,391-134563,23133497-1151302,,J231334.99-115130.5,2413012407573129984,7401938,,tmgaia,,,,,,,61.785979,-62.436854,344.694666,-6.32865,16.895,0.093,15.723,1.133,,,,,,,,,,,13.403,0.022,12.738,0.023,12.632,0.029,AAA-222-111-000-0-0,26.6,12.583,0.024,12.657,0.027,11.801,,8.929,,15.0833,0.00160711,0.018,gaiaj,,4213.0,172.0,,,,,,,,,,,,,,375.125,,0.0335,,14.0,0.0287990086,,,,0.2904982897107578,245927125.0,348.39572000000004,-11.858483,GO19067_LC|GO19068_LC
37,4520637,347.817347,-11.85609,,,16.472,STAR,2mass,20180610,,,,23111616-1151219,,J231116.16-115121.7,,,,2mass,,,,,,,61.06027,-61.983034,344.171634,-6.104886,15.098,0.107,,,,,,,,,,,,,15.972,0.101,15.405,0.141,14.903,0.138,ABB-222-111-000-0-0,16.0,13.939,0.029,13.685,0.042,9.522,0.048,7.434,0.182,,,0.8,joffs,,6057.0,193.0,,,,,,,,,,,,,,,,,,,,,,,0.010594095374231643,245927185.0,347.81735,-11.85609,GO19059_LC
38,4579852,348.248892,-11.854603,18.7415,1.28515,15.146,STAR,2mass,20180610,,,391-134539,23125973-1151165,,J231259.74-115116.4,2413011789098244736,7401575,,tmgaia,2.24391,2.24391,hsoy,,,,61.605368,-62.319987,344.563141,-6.268826,16.4,0.058,15.828,1.133,,,,,,,,,,,14.591,0.029,14.129,0.038,14.125,0.065,AAA-222-111-000-0-0,60.3,14.149,0.029,14.145,0.051,11.76,,8.846,,15.5565,0.00211551,0.02,gaiaj,,5475.0,186.0,,,,,,,,,,,DWARF,,,,,,,,,,,,0.19531832427949647,245927215.0,348.24887,-11.854553,GO19011_LC|GO19067_LC
39,4579851,348.266006,-11.854313,-1.33454,-4.45054,15.633,STAR,2mass,20180610,,,391-134542,23130384-1151155,,J231303.84-115115.2,2413011720378254848,7401620,,tmgaia,2.71771,2.70111,hsoy,,,,61.62761,-62.333174,344.578757,-6.275121,16.478,0.118,15.891,1.133,,,,,,,,,,,13.443,0.044,12.636,0.041,12.304,0.046,EAA-222-111-000-1-0,35.8,11.807,0.023,11.789,0.023,10.726,0.109,8.748,,17.177,0.00639052,0.023,gaiah,,3879.0,164.0,,,,,,,,,,,GIANT,,,,,,,,,,,,0.14474368597559728,245927226.0,348.26602,-11.854275,GO19053_LC|GO19059_LC|GO19067_LC
40,4520668,347.867887,-11.852829,7.85538,-9.00657,10.513,STAR,2mass,20180610,,5824-00149-1,391-134496,23112829-1151101,,J231128.30-115110.3,2413067451874115840,7400689,,tmgaia,0.981485,0.569022,tgas,2.568,0.308578,tgas,61.128814,-62.02074,344.2187,-6.121229,11.285,0.201,10.837,0.014,,,,,,,,,,,10.126,0.025,9.983,0.021,9.919,0.022,AAA-222-111-000-0-0,58.8,9.849,0.024,9.901,0.022,9.865,0.058,8.009,,10.793,0.000345996,0.019,gaiaj,tplx,6736.6,83.0,4.16,0.16,0.16,0.12,1.83542,0.42164,1.50612,0.355853,0.243586,0.167873,DWARF,6.25070047,2.87187147,389.4081,65.2611,0.0364555,,18.0,0.004634947,,,0.0005051684,0.17924545823642682,245927251.0,347.86786,-11.852871,GO19049_LC|GO19067_LC
41,404244647,348.096256,-11.849431,3.5606,1.59957,11.754,STAR,2mass,20180610,,,391-134520,23122310-1150579,,J231223.10-115057.9,2413053536182522624,7401213,,tmgaia,0.937854,0.972245,hsoy,,,,61.421071,-62.197585,344.426912,-6.205563,13.006,0.064,12.418,0.08,,,,,,,,,,,11.189,0.03,10.89,0.024,10.841,0.023,AAA-222-111-000-0-0,20.7,10.793,0.023,10.852,0.022,10.68,0.104,8.617,,12.1721,0.000375014,0.02,gaiaj,spec,5601.33,60.2945,3.9736,0.122386,-0.63,0.0777817,1.73073,0.305648,1.02016628,0.0918624,0.196781,0.104255,DWARF,2.65654755,0.9382951,359.512,,0.0347463,,18.0,0.008786224,,,0.000223753887,0.030741991118620787,245927318.0,348.09625,-11.849437,GO19049_LC|GO19065_LC|GO19067_LC
42,4554192,348.012,-11.8446,80.34,-30.82,16.75,STAR,2mass,20180610,,,,23120286-1150405,,J231202.92-115040.7,2413055254167284992,,,tmgaia,2.0,2.0,sblink,,,,61.323296,-62.128746,344.352488,-6.168838,20.748,0.166,19.47,0.2,,,,,,,,,,,14.88,0.043,14.432,0.055,14.084,0.066,AAA-222-111-000-0-0,19.8,14.116,0.029,13.903,0.046,11.905,0.36,8.672,,17.6249,0.00908376,0.068,cdwrf,cdwrf,3084.0,106.0,5.07683,0.574683,,,0.193,0.046,0.162,0.052,22.5342,16.1126,DWARF,0.0030357556,0.00144709588,,,,,13.0,0.03734158,,,0.000109329012,0.24701349567618458,245927416.0,348.01193,-11.844596000000001,GO19063_LC
43,4520675,347.944277,-11.825885,1.87097,-3.98545,17.438,STAR,2mass,20180610,,,,23114662-1149331,,J231146.62-114933.2,2413056216239966080,,,tmgaia,2.25465,2.25316,hsoy,,,,61.270339,-62.064484,344.298502,-6.125678,17.476,0.077,,,,,,,,,,,,,15.584,0.067,14.727,0.075,14.337,0.083,AAA-222-111-000-0-0,38.7,14.176,0.031,14.178,0.052,12.374,0.53,8.501,,18.6916,0.0222588,0.036,gaiaj,,4278.0,173.0,,,,,,,,,,,DWARF,,,,,,,,,,,,0.024832698569386597,245927769.0,347.94427,-11.825884,GO19059_LC
44,4579899,348.3517,-11.8193,-34.93,-75.29,12.654,STAR,2mass,20180610,,,391-134556,23132441-1149093,,J231324.39-114910.2,,7401839,,2mass,2.0,2.0,sblink,,,,61.796934,-62.378873,344.67019,-6.275776,15.551,0.072,14.268,0.167,,,,,,,,,,,11.465,0.021,10.787,0.021,10.658,0.021,AAA-222-111-s0s-0-0,39.5,10.564,0.023,10.629,0.021,10.431,0.083,8.803,,,,0.084,cdwrf,cdwrf,4060.0,75.0,4.6586,0.324433,,,0.647,0.09,0.695,0.116,2.56609,1.07086,DWARF,0.102472514,0.0285085831,189.116669,,0.0318604,,16.0,0.0110975858,,,0.0006321562,0.2671200000059105,245927911.0,348.3517,-11.819374,GO19063_LC|GO19067_LC
45,4579900,348.333742,-11.818213,-7.78039,-25.6927,14.907,STAR,2mass,20180610,,,391-134550,23132009-1149055,,J231320.08-114906.1,2413012098335493120,7401790,,tmgaia,2.28252,2.24165,hsoy,,,,61.775877,-62.364217,344.65435,-6.267887,17.481,0.167,16.194,1.133,,,,,,,,,,,13.958,0.026,13.276,0.034,13.224,0.03,AAA-222-111-000-0-0,35.4,13.126,0.024,13.176,0.032,11.933,,8.755,,15.6044,0.00217754,0.019,gaiaj,,4295.0,173.0,,,,,,,,,,,DWARF,,,,,,,,,,,,0.41030046079799115,245927930.0,348.3337,-11.818319,GO19067_LC|GO19068_LC
46,4520677,347.928901,-11.816758,2.23868,-3.17048,17.691,STAR,2mass,20180610,,,,23114293-1149003,,J231143.02-114900.7,2413067971565157376,,,tmgaia,2.48174,2.29007,hsoy,,,,61.266671,-62.046967,344.288164,-6.111391,16.708,0.077,,,,,,,,,,,,,15.218,0.067,14.594,0.089,14.179,0.091,AAA-222-111-000-0-0,56.9,13.878,0.04,13.787,0.054,11.898,0.387,8.134,,19.247,0.0362764,0.046,gaiaj,,4693.0,177.0,,,,,,,,,,,GIANT,,,,,,,,,,,,0.004332079341341642,245927973.0,347.9289,-11.816757,GO19059_LC|GO19067_LC
47,4582505,348.495736,-11.808763,5.17169,2.95818,15.109,STAR,2mass,20180610,,,391-134574,23135897-1148315,,J231358.97-114831.5,2413010105470670976,7402159,,tmgaia,2.2209,2.2203,hsoy,,,,61.999636,-62.484642,344.804832,-6.321356,16.682,0.074,15.569,1.133,,,,,,,,,,,14.47,0.03,14.045,0.036,13.989,0.06,AAA-222-111-000-0-0,47.5,14.049,0.028,14.078,0.047,12.496,,8.709,,15.5823,0.00214864,0.02,gaiaj,,5634.0,188.0,,,,,,,,,,,DWARF,,,,,,,,,,,,0.06203420752874378,245928149.0,348.49573,-11.808779,GO19011_LC|GO19067_LC
48,4554186,347.962903,-11.80686,1.95891,-8.06562,11.7,STAR,2mass,20180610,,,391-134507,23115109-1148246,,J231151.09-114824.6,2413056353680702336,7400918,,tmgaia,0.931576,0.931496,hsoy,,,,61.32618,-62.067657,344.322863,-6.115302,13.512,0.056,12.697,0.297,,,,,,,,,,,10.925,0.021,10.403,0.023,10.322,0.021,AAA-222-111-000-0-0,94.9,10.259,0.023,10.335,0.021,10.394,0.093,8.301,,12.274,0.000393377,0.017,gaiaj,,4853.0,87.0,0.17,,-1.3,0.16,,,,,,,GIANT,,,,,0.0347169,,,,,,,0.12895405032647692,245928182.0,347.9629,-11.806824,GO19067_LC|GO19068_LC
49,4520628,347.789927,-11.806694,15.0232,-22.342,14.52,STAR,2mass,20180610,,,391-134485,23110958-1148240,,J231109.59-114824.3,2413045358564076800,7400480,,tmgaia,2.25879,2.3308,hsoy,,,,61.110388,-61.931994,344.166217,-6.048929,16.099,0.073,15.238,0.515,,,,,,,,,,,13.856,0.03,13.392,0.038,13.35,0.044,AAA-222-111-000-0-0,30.7,13.271,0.025,13.341,0.037,11.957,,8.48,,15.0129,0.00154498,0.02,gaiaj,,5255.0,183.0,,,,,,,,,,,DWARF,,,,,0.0363,,,,,,,0.12990429977952614,245928184.0,347.78995,-11.806722,GO19067_LC|GO19068_LC
50,404244656,348.199186,-11.804294,12.9816,-3.1455,14.895,STAR,2mass,20180610,,,391-134535,23124780-1148154,,J231247.81-114815.4,2413059824012502016,7401454,,tmgaia,2.28227,2.28226,hsoy,,,,61.628575,-62.25084,344.537936,-6.20348,16.664,0.036,15.692,1.133,,,,,,,,,,,14.216,0.03,13.663,0.029,13.571,0.043,AAA-222-111-000-0-0,55.3,13.653,0.025,13.698,0.038,11.961,,8.996,,15.3987,0.00192629,0.02,gaiaj,,5006.0,180.0,,,,,,,,,,,DWARF,,,,,,,,,,,,0.09430009497612904,245928235.0,348.19916,-11.8043,GO19067_LC|GO19068_LC
51,4520626,347.787966,-11.798371,17.7319,-3.98354,11.917,STAR,2mass,20180610,,,392-129819,23110911-1147541,,J231109.12-114754.1,2413068826263649408,7400474,,tmgaia,0.932159,0.93208,hsoy,,,,61.122121,-61.925478,344.167712,-6.040519,13.445,0.051,12.719,0.103,,,,,,,,,,,11.265,0.024,10.909,0.024,10.799,0.022,AAA-222-111-000-0-0,30.7,10.764,0.023,10.846,0.023,10.902,0.157,8.572,,12.4012,0.000417605,0.018,gaiaj,splin,5330.0,184.0,4.43441,2.00394,,,0.96331,0.96331,0.9194179,0.115429,1.02852,3.08557,DWARF,0.674738944,0.674738944,283.442,,0.0360921,,10.0,0.0451676659,,,0.000481207884,0.03929362274918797,245928353.0,347.78796,-11.79838,GO19049_LC|GO19065_LC|GO19067_LC
52,4579911,348.417669,-11.797014,7.02263,-11.4809,15.443,STAR,2mass,20180610,,,,23134024-1147492,,J231340.24-114749.5,2413013300926344320,,,tmgaia,2.41149,2.26233,hsoy,,,,61.919608,-62.416764,344.738742,-6.280585,18.198,0.046,16.84,0.036,,,,,,,,,,,14.396,0.029,13.787,0.039,13.684,0.054,AAA-222-111-000-0-0,47.2,13.618,0.026,13.686,0.037,12.088,,8.913,,16.2066,0.00319073,0.019,gaiaj,,4171.0,172.0,,,,,,,,,,,DWARF,,,,,,,,,,,,0.03454019071334735,245928385.0,348.41766,-11.79701,GO19067_LC|GO19068_LC
53,404244658,348.138993,-11.794321,-12.2636,-12.5392,13.239,STAR,2mass,20180610,,,392-129851,23123335-1147395,,J231233.34-114739.6,2413060030170627072,7401302,,tmgaia,2.01614,2.0161,hsoy,,,,61.569407,-62.197822,344.487332,-6.17123,15.059,0.059,14.228,0.16,,,,,,,,,,,12.48,0.027,11.975,0.026,11.893,0.019,AAA-222-111-000-0-0,19.6,11.844,0.023,11.934,0.022,11.633,0.294,8.496,,13.8013,0.000819577,0.019,gaiaj,,4801.0,178.0,,,,,,,,,,,DWARF,,,,,0.0341388,,,,,,,0.1537326732669957,245928441.0,348.13895,-11.794328,GO19067_LC|GO19068_LC
54,404244659,348.098728,-11.793204,7.78187,-33.9166,12.998,STAR,2mass,20180610,,,392-129849,23122369-1147355,,J231223.69-114735.9,2413057143952604032,7401218,,tmgaia,2.01615,2.01611,hsoy,,,,61.520433,-62.16569,344.451292,-6.15477,14.282,0.068,13.693,0.126,,,,,,,,,,,12.437,0.03,12.105,0.027,12.004,0.021,AAA-222-111-000-0-0,45.9,11.999,0.024,12.041,0.023,11.878,,8.827,,13.4134,0.00067725,0.02,gaiaj,splin,5611.0,187.0,4.37718,2.00393,,,1.0692,1.0692,0.9928119,0.124533,0.812251,2.43675,DWARF,1.0208776,1.0208776,561.184,,0.0341324,,17.0,0.00020084453,,,,0.11844445106884134,245928468.0,348.0987,-11.793222,GO19049_LC|GO19067_LC
55,4579913,348.377964,-11.777904,21.5635,-4.65836,12.587,STAR,2mass,20180610,,,392-129882,23133070-1146404,,J231330.72-114640.6,2413014125559939712,7401898,,tmgaia,0.947455,0.942192,hsoy,,,,61.901563,-62.374267,344.710307,-6.247769,13.771,0.054,13.269,0.149,,,,,,,,,,,12.056,0.022,11.745,0.023,11.705,0.023,AAA-222-111-000-0-0,45.9,11.686,0.024,11.746,0.023,11.511,0.194,8.809,,12.9798,0.000549461,0.018,gaiaj,splin,5828.0,188.0,4.33602,,,,1.15281,1.15281,1.049792,0.124636,0.68522,0.68522,DWARF,1.38130057,1.38130057,545.64,,0.032535,,19.0,,,,,0.1597432153514995,245928768.0,348.37796000000003,-11.777948,GO19049_LC|GO19067_LC
56,4579839,348.209491,-11.775758,26.0019,-6.77783,12.244,STAR,2mass,20180610,,,392-129863,23125027-1146327,,J231250.29-114632.7,2413060305048533248,7401477,,tmgaia,2.24053,2.24052,hsoy,,,,61.690505,-62.241657,344.558514,-6.181176,15.268,0.071,13.879,0.16,,,,,,,,,,,11.094,0.022,10.466,0.023,10.244,0.021,AAA-222-111-000-0-0,17.0,10.18,0.024,10.163,0.02,10.105,0.07,8.878,,13.0771,0.000575695,0.017,gaiaj,,3856.0,164.0,,,,,,,,,,,GIANT,,,,,0.0330215,,,,,,,0.19759081658414213,245928811.0,348.20944,-11.775735000000001,GO19026_LC|GO19067_LC|GO19068_LC
57,4520619,347.830596,-11.761789,2.69289,-9.47614,12.431,STAR,2mass,20180610,,,392-129822,23111934-1145424,,J231119.34-114542.4,2413068998062340224,7400593,,tmgaia,1.00133,1.00128,hsoy,,,,61.237498,-61.936993,344.220718,-6.023164,13.796,0.041,13.18,0.126,,,,,,,,,,,11.856,0.025,11.52,0.024,11.467,0.025,AAA-222-111-000-0-0,49.7,11.409,0.023,11.483,0.024,11.301,0.198,8.364,0.502,12.8557,0.000517859,0.018,gaiaj,splin,5586.0,187.0,4.3821,2.00398,,,1.0598,1.0598,0.9865516,0.124591,0.828797,2.48639,DWARF,0.9852496,0.9852496,447.567,,0.0361339,,16.0,0.000836692459,,,,0.07938185047289954,245929111.0,347.8306,-11.761766999999999,GO19049_LC|GO19065_LC|GO19067_LC
58,4520688,347.944159,-11.76038,7.52854,-15.5552,14.386,STAR,2mass,20180610,,,392-129835,23114659-1145373,,J231146.60-114537.5,2413069891415858432,7400868,,tmgaia,2.27835,2.24249,hsoy,,,,61.381951,-62.025071,344.324168,-6.065349,16.329,0.081,15.112,1.133,,,,,,,,,,,13.635,0.03,13.169,0.034,13.095,0.04,AAA-222-111-000-0-0,75.7,13.035,0.025,13.095,0.031,12.034,,8.498,,14.9423,0.00148566,0.02,gaiaj,splin,5114.0,182.0,4.47583,2.00357,,,0.888307,0.888307,0.8600519,0.1028,1.22697,3.68092,DWARF,0.486254662,0.486254662,661.118,,0.0351,,13.0,8.127694e-05,,,,0.05130158854980123,245929136.0,347.94415,-11.760391,GO19067_LC|GO19068_LC
59,4579834,348.315312,-11.756674,15.3412,-13.7361,15.147,STAR,2mass,20180610,,,392-129877,23131567-1145240,,J231315.69-114524.1,2413060992243208320,7401737,,tmgaia,2.24198,2.24058,hsoy,,,,61.857879,-62.31261,344.661912,-6.2042,17.465,,16.337,1.133,,,,,,,,,,,14.184,0.032,13.603,0.034,13.583,0.038,AAA-222-111-000-0-0,81.4,13.471,0.025,13.545,0.036,12.063,,9.02,,15.8545,0.00254081,0.02,gaiaj,,4452.0,174.0,,,,,,,,,,,DWARF,,,,,,,,,,,,0.07380102235492833,245929207.0,348.3153,-11.756657,GO19067_LC|GO19068_LC
60,4579916,348.407583,-11.74935,5.04165,-6.87864,8.097,STAR,2mass,20180610,,5824-00485-1,392-129885,23133781-1144576,,J231337.82-114457.6,2413014469157323264,7401959,,tmgaia,1.0227,2.0703,tgas,2.27403,0.933547,tgas,61.988459,-62.379999,344.7484,-6.232866,10.978,0.087,9.591,0.013,,,,,,,,,,,6.986,0.021,6.318,0.029,6.124,0.018,AAA-111-111-000-0-0,22.0,6.008,0.109,6.087,0.029,6.087,0.015,6.002,0.052,8.90488,0.000345996,0.017,gaiaj,splin,4034.0,164.0,,,,,0.650573,0.0645538,0.6307484,0.0747807,,,GIANT,,,439.748138,127.986,0.0330945,,,,,,,0.06617114328624094,245929348.0,348.4076,-11.749342,GO19067_LC|GO19068_LC
61,4579919,348.412898,-11.746144,-0.252784,-5.96822,13.305,STAR,2mass,20180610,,,392-129887,23133909-1144461,,J231339.05-114446.8,2413014297358631296,,,tmgaia,1.0839,1.08341,hsoy,,,,62.00077,-62.382187,344.75448,-6.231956,15.44,0.043,14.294,0.195,,,,,,,,,,,12.592,0.024,12.112,0.026,12.062,0.028,AAA-222-111-c0c-0-0,21.7,11.531,0.022,11.58,0.021,11.154,0.18,8.183,,13.8328,0.000832547,0.018,gaiaj,,4837.0,171.0,,,,,,,,,,,GIANT,,,,,0.0331824,,,,,,,0.17726022107955797,245929396.0,348.4129,-11.746193,GO19011_LC|GO19067_LC
62,4520692,347.948884,-11.739857,9.9054,0.789707,12.449,STAR,2mass,20180610,,,392-129837,23114773-1144234,,J231147.74-114423.4,2413070063216276864,7400886,,tmgaia,2.24052,2.24052,hsoy,,,,61.422838,-62.01643,344.336523,-6.048271,14.113,0.054,13.298,0.137,,,,,,,,,,,11.755,0.026,11.298,0.022,11.242,0.024,AAA-222-111-000-0-0,23.3,11.18,0.023,11.248,0.023,11.067,0.162,8.644,,12.9629,0.000545041,0.019,gaiaj,,5023.0,173.0,,,,,,,,,,,GIANT,,,,,0.0349283,,,,,,,0.07038821805749554,245929533.0,347.9489,-11.739844999999999,GO19067_LC|GO19068_LC
63,4579825,348.22411,-11.722367,-22.7478,-13.936,15.209,STAR,2mass,20180610,,,,23125378-1143205,,J231253.76-114320.6,2413060751725463424,,,tmgaia,2.35615,2.25561,hsoy,,,,61.800356,-62.220774,344.592793,-6.137655,19.221,0.162,,,,,,,,,,,,,13.704,0.023,13.113,0.027,12.934,0.032,AAA-222-111-000-0-0,75.1,12.783,0.023,12.606,0.027,11.819,,8.644,,16.2642,0.00331582,0.018,gaiaj,,3484.0,165.0,,,,,,,,,,,DWARF,,,,,,,,,,,,0.03925687606701396,245929889.0,348.22412,-11.722362,GO19067_LC|GO19068_LC
64,4554175,348.076619,-11.721809,,,15.944,STAR,2mass,20180610,,,,23121838-1143185,,J231218.39-114318.2,,,,2mass,,,,,,,61.614394,-62.105381,344.459367,-6.0806,17.093,0.068,,,,,,,,,,,,,15.1,0.057,14.527,0.078,13.952,0.078,AAA-222-111-000-0-0,8.7,13.394,0.028,13.363,0.036,11.962,,8.785,,,,0.145,bpjk,,4354.0,173.0,,,,,,,,,,,,,,,,,,,,,,,0.03878084815484342,245929897.0,348.07662999999997,-11.721809,GO19059_LC|GO19067_LC
65,4520701,347.934092,-11.719952,0.762988,-37.4188,14.925,STAR,2mass,20180610,,,,23114418-1143117,,J231144.18-114312.1,2413070887848284032,,,tmgaia,2.24054,2.24053,hsoy,,,,61.438151,-61.992886,344.330949,-6.024287,18.104,0.162,,,,,,,,,,,,,13.589,0.026,13.025,0.028,12.799,0.031,AAA-222-111-000-0-0,17.4,12.712,0.023,12.58,0.029,12.216,,8.031,,15.8771,0.00257734,0.018,gaiaj,,3820.0,168.0,,,,,,,,,,,DWARF,,,,,,,,,,,,0.06255080645233775,245929941.0,347.93408,-11.719939,GO19067_LC|GO19068_LC
66,4554174,348.075763,-11.719529,5.31724,6.30659,16.887,STAR,2mass,20180610,,,,23121818-1143103,,J231218.17-114310.1,2413064393857733248,7401175,,tmgaia,2.29208,2.24314,hsoy,,,,61.617199,-62.103337,344.459489,-6.078174,,,,,,,,,,,,,,,14.732,0.053,14.044,0.064,13.68,0.067,AAA-222-111-000-0-0,8.7,13.134,0.027,13.056,0.031,11.51,0.21,8.046,,18.2964,0.0158446,0.028,gaiaj,,4438.0,174.0,,,,,,,,,,,DWARF,,,,,,,,,,,,0.06044531766077463,245929949.0,348.07578,-11.719531,GO19059_LC|GO19067_LC
67,4579923,348.43176,-11.713218,,,16.747,STAR,2mass,20180610,,,,23134362-1142475,,J231343.63-114247.9,,,,2mass,,,,,,,62.08138,-62.376844,344.784554,-6.208904,15.509,0.118,,,,,,,,,,,,,16.247,0.112,15.64,0.154,15.304,0.182,BBC-222-111-000-0-0,101.1,14.411,0.031,14.231,0.051,10.357,0.081,8.407,,,,0.8,joffs,,6264.0,195.0,,,,,,,,,,,,,,,,,,,,,,,0.0007200000032547712,245930077.0,348.43176,-11.713218,GO19059_LC
68,404244672,348.157102,-11.711614,6.59963,0.802508,12.777,STAR,2mass,20180610,,,392-129854,23123770-1142418,,J231237.70-114241.8,2413063912821061248,7401351,,tmgaia,2.28266,2.28227,hsoy,,,,61.733621,-62.162027,344.536309,-6.102068,14.324,0.048,13.685,0.114,,,,,,,,,,,12.1,0.026,11.657,0.024,11.574,0.025,AAA-222-111-000-0-0,33.6,11.52,0.023,11.567,0.021,11.946,0.36,8.799,,13.2783,0.000634288,0.019,gaiaj,,4963.0,172.0,,,,,,,,,,,GIANT,,,,,0.033734,,,,,,,0.11756344802354954,245930109.0,348.15707000000003,-11.711623,GO19049_LC|GO19067_LC|GO19068_LC
69,4554170,348.042926,-11.707959,9.19696,-10.7169,14.472,STAR,2mass,20180610,,,392-129842,23121030-1142286,,J231210.30-114228.6,2413076179247997312,7401099,,tmgaia,2.24142,2.24054,hsoy,,,,61.595466,-62.070715,344.434288,-6.054943,16.552,0.122,15.343,1.133,,,,,,,,,,,13.638,0.025,13.083,0.029,13.066,0.036,AAA-222-111-000-0-0,66.9,12.979,0.024,13.096,0.03,12.023,,8.363,,15.0884,0.00161171,0.018,gaiaj,,4854.0,179.0,,,,,,,,,,,DWARF,,,562.793,,0.0331,,12.0,1.09691218e-05,,,,0.133073639569834,245930186.0,348.0429,-11.707932000000001,GO19067_LC|GO19068_LC
70,404244673,348.164662,-11.70591,1.5524,1.06697,17.109,STAR,2mass,20180610,,,392-129855,23123951-1142212,,J231239.51-114221.2,2413064015900615424,,,tmgaia,2.50083,2.31245,hsoy,,,,61.752937,-62.164472,344.545406,-6.099718,16.6,0.135,14.802,1.133,,,,,,,,,,,15.159,0.083,14.497,0.087,14.009,0.083,AAA-222-111-000-0-0,20.7,13.4,0.026,13.346,0.032,12.287,0.457,8.583,,18.4141,0.0175184,0.037,gaiaj,,6969.0,205.0,,,,,,,,,,,GIANT,,,,,,,,,,,,0.2237972629980801,245930222.0,348.1647,-11.705860000000001,GO19059_LC|GO19067_LC
71,4582572,348.571331,-11.702967,-3.49,-49.72,11.879,STAR,2mass,20180610,,,392-129900,23141711-1142106,,J231417.11-114211.1,2413390708292471168,7402330,,tmgaia,2.0,2.0,sblink,,,,62.278815,-62.47898,344.915067,-6.253063,12.056,0.011,12.11,0.103,,,,,,,,,,,11.747,0.024,11.772,0.024,11.771,0.026,AAA-222-111-000-0-0,63.8,11.726,0.023,11.768,0.022,11.683,0.243,8.976,,11.9521,0.000345996,0.019,gaiaj,splin,8382.0,225.0,4.08822,1.37188,,,2.15504,1.46372,2.07346869,0.39753,0.207173,0.422143,DWARF,20.6535416,20.6535416,1338.51,,0.0296708,,12.0,0.00024919014,,,0.000148319275,0.11407295624493845,245930282.0,348.57132,-11.702937,GO19030_LC|GO19067_LC
72,404244674,348.161796,-11.700896,,,18.02,STAR,2mass,20180610,,,,23123883-1142032,,J231238.82-114203.5,,,,2mass,,,,,,,61.757852,-62.159204,344.544783,-6.094005,20.124,0.208,,,,,,,,,,,,,16.78,0.176,15.872,0.203,15.236,0.174,CCC-222-111-000-0-0,20.7,14.691,0.033,14.488,0.059,12.14,0.359,8.44,,,,0.226,bpjk,,3557.0,166.0,,,,,,,,,,,,,,,,,,,,,,,0.014119132874382236,245930321.0,348.1618,-11.700896,GO19059_LC
73,4582487,348.52045,-11.700871,-9.93182,-13.0521,15.474,STAR,2mass,20180610,,,392-129898,23140490-1142031,,J231404.89-114203.3,2413389471342510208,7402210,,tmgaia,2.2388,2.23879,hsoy,,,,62.216688,-62.438217,344.869788,-6.231595,17.076,0.166,16.392,1.133,,,,,,,,,,,14.831,0.03,14.492,0.053,14.291,0.071,AAA-222-111-000-0-0,36.4,14.373,0.028,14.521,0.057,12.539,,8.537,,15.9511,0.00270123,0.02,gaiaj,,5026.0,181.0,,,,,,,,,,,DWARF,,,,,,,,,,,,0.042479999993821405,245930322.0,348.52045,-11.700859,GO19067_LC|GO19068_LC
74,404244676,348.188699,-11.695522,,,17.079,STAR,2mass,20180610,,,,23124528-1141438,,J231245.37-114144.9,,,,2mass,,,,,,,61.801164,-62.176924,344.571278,-6.099376,16.703,0.18,,,,,,,,,,,,,16.579,0.158,14.826,,14.233,,CUU-200-100-c00-0-0,4.3,15.112,0.067,14.918,0.103,11.84,,8.343,,,,0.8,joffs,,3778.0,168.0,,,,,,,,,,,,,,,,,,,,,,,0.003598034414499393,245930436.0,348.1887,-11.695522,GO19059_LC
75,404244677,348.187677,-11.694862,-13.8603,5.34085,17.193,STAR,2mass,20180610,,,,23124504-1141414,,J231245.05-114141.2,2413063981543495552,,,tmgaia,2.34096,2.30266,hsoy,,,,61.800992,-62.175728,344.570612,-6.098376,16.921,0.135,,,,,,,,,,,,,15.352,0.082,14.716,0.096,14.261,0.09,AAA-222-111-000-0-0,4.3,13.79,0.032,13.716,0.043,12.087,,8.441,,18.44,0.017911,0.038,gaiaj,,4590.0,176.0,,,,,,,,,,,DWARF,,,,,,,,,,,,0.010960930723771205,245930450.0,348.18768,-11.694861,GO19059_LC|GO19067_LC
76,404244680,348.15683,-11.685317,19.6566,-9.63353,15.277,STAR,2mass,20180610,,,392-129853,23123763-1141071,,J231237.65-114107.2,2413064771814864768,7401347,,tmgaia,2.31817,2.28429,hsoy,,,,61.778104,-62.145906,344.546417,-6.077767,16.823,0.109,15.959,1.133,,,,,,,,,,,14.431,0.03,14.05,0.046,13.925,0.051,AAA-222-111-000-0-0,58.7,13.964,0.027,14.017,0.044,12.167,,8.943,0.532,15.9026,0.00261922,0.02,gaiaj,,5096.0,181.0,,,,,,,,,,,DWARF,,,,,,,,,,,,0.2135733002758149,245930635.0,348.15677,-11.685325,GO19067_LC|GO19068_LC
77,4582581,348.653873,-11.681455,0.321581,-22.6634,12.547,STAR,2mass,20180610,,,392-129913,23143692-1140532,,J231436.92-114053.4,2413388200031569920,7402527,,tmgaia,2.24052,2.24052,hsoy,,,,62.422669,-62.529825,344.998353,-6.264983,13.864,0.062,13.271,0.103,,,,,,,,,,,11.964,0.024,11.63,0.023,11.607,0.025,AAA-222-111-000-0-0,38.4,11.529,0.023,11.556,0.021,11.871,0.285,8.912,,12.9782,0.000549043,0.018,gaiaj,splin,5663.0,187.0,4.36708,,,,1.08877,1.08877,1.00583482,0.124101,0.779323,0.779323,DWARF,1.09838259,1.09838259,484.172,,0.0298173,,24.0,,,,,0.11888709339468337,245930702.0,348.65384,-11.681448,GO19049_LC|GO19067_LC
78,4579817,348.299334,-11.680847,2.86995,-4.36288,17.344,STAR,2mass,20180610,,,,23131183-1140510,,J231311.83-114051.0,2413062744589868800,,,tmgaia,2.30269,2.25969,hsoy,,,,61.967109,-62.254186,344.677314,-6.128306,17.909,0.069,,,,,,,,,,,,,15.244,0.058,14.465,0.068,14.182,0.087,AAA-222-111-000-0-0,37.1,13.673,0.026,13.604,0.037,12.067,,8.888,,18.7262,0.0229383,0.034,gaiaj,,4206.0,172.0,,,,,,,,,,,DWARF,,,,,,,,,,,,0.056463398152249114,245930721.0,348.29935,-11.680846,GO19059_LC
79,4579816,348.229409,-11.678897,-14.4075,-19.6623,12.042,STAR,2mass,20180610,,,392-129865,23125505-1140440,,J231255.03-114044.2,2413065390289810944,7401526,,tmgaia,2.24054,2.24052,hsoy,,,,61.881279,-62.198568,344.614717,-6.09969,14.066,0.056,12.991,0.126,,,,,,,,,,,11.253,0.022,10.707,0.021,10.596,0.021,AAA-222-111-000-0-0,6.2,10.523,0.022,10.648,0.021,10.603,0.09,8.964,,12.6257,0.000464284,0.018,gaiaj,,4681.0,170.0,,,,,,,,,,,GIANT,,,,,0.032316,,,,,,,0.13752351947277924,245930767.0,348.22937,-11.678896,GO19067_LC|GO19068_LC
80,404244681,348.140774,-11.677657,,,14.868,STAR,2mass,20180610,,,392-129852,23123378-1140395,,J231233.79-114039.7,2413064840534343424,7401310,,tmgaia,,,,,,,61.770792,-62.128753,344.534883,-6.064562,16.627,0.1,15.647,1.133,,,,,,,,,,,14.184,0.033,13.743,0.04,13.653,0.046,AAA-222-111-000-0-0,58.2,13.699,0.027,13.774,0.039,12.475,,8.304,,15.3747,0.00189933,0.021,gaiaj,splin,5138.0,182.0,4.47161,2.0036,,,0.896061,0.896061,0.8666838,0.104023,1.20461,3.61384,,0.5041343,0.5041343,939.728,,0.0337,,13.0,0.0002888728,,,,0.08520998956158016,245930796.0,348.14075,-11.677653999999999,GO19067_LC|GO19068_LC
81,4582479,348.4599,-11.6771,73.5,-24.28,15.495,STAR,2mass,20180610,,,,23135037-1140375,,J231350.43-114037.7,,,,2mass,2.0,2.0,sblink,,,,62.179361,-62.37672,344.824295,-6.186479,19.744,0.163,17.9,0.2,,,,,,,,,,,13.94,0.029,13.351,0.03,13.16,0.032,AAA-222-111-000-0-0,47.9,12.946,0.024,12.822,0.027,12.221,0.355,8.759,,,,0.06,cdwrf,cdwrf,3369.0,103.0,4.93191,0.500314,,,0.319,0.068,0.317,0.083,9.76534,6.24492,DWARF,0.0118108215,0.00503533473,329.016083,,,,19.0,0.000608139439,,,0.000161866687,0.02448000000357023,245930808.0,348.4599,-11.677093,GO19063_LC|GO19067_LC|GO19068_LC
82,4579813,348.229935,-11.670294,3.61332,-10.5945,14.88,STAR,2mass,20180610,,,392-129866,23125518-1140130,,J231255.17-114013.1,2413065596448589440,7401524,,tmgaia,2.24142,2.24056,hsoy,,,,61.896615,-62.193761,344.618582,-6.091976,16.706,,15.55,1.133,,,,,,,,,,,14.174,0.028,13.709,0.033,13.659,0.046,AAA-222-111-000-0-0,25.1,13.621,0.025,13.743,0.037,11.855,,8.876,0.523,15.4029,0.00193098,0.019,gaiaj,,5252.0,183.0,,,,,,,,,,,DWARF,,,,,0.0323,,,,,,,0.12339740575223397,245930931.0,348.2299,-11.670294,GO19067_LC|GO19068_LC
83,4579928,348.410066,-11.669043,13.0649,-17.574,14.805,STAR,2mass,20180610,,,392-129886,23133841-1140085,,J231338.42-114008.8,2413437265738582912,,,tmgaia,2.24056,2.24053,hsoy,,,,62.129072,-62.333106,344.782313,-6.159938,18.352,0.162,14.785,1.133,,,,,,,,,,,13.474,0.025,12.774,0.028,12.555,0.028,AAA-222-111-000-0-0,22.9,12.441,0.024,12.394,0.024,12.101,0.329,8.411,,15.755,0.00238784,0.018,gaiaj,,4899.0,179.0,,,,,,,,,,,DWARF,,,512.481,,0.0336,,22.0,0.0407250337,,,,0.1445220730871014,245930965.0,348.41003,-11.669062,GO19067_LC|GO19068_LC
84,4579929,348.423514,-11.668944,10.0121,-10.5712,15.289,STAR,2mass,20180610,,,392-129892,23134164-1140081,,J231341.65-114008.4,2413437059580152576,7402013,,tmgaia,2.24053,2.24052,hsoy,,,,62.146515,-62.343492,344.794539,-6.165008,17.336,0.098,16.257,1.133,,,,,,,,,,,14.469,0.029,13.954,0.039,13.845,0.05,AAA-222-111-000-0-0,41.2,13.772,0.026,13.861,0.04,12.051,,8.942,,15.8951,0.00260674,0.019,gaiaj,,4732.0,177.0,,,,,,,,,,,DWARF,,,,,,,,,,,,0.1871384943063522,245930966.0,348.42355,-11.668982000000002,GO19067_LC|GO19068_LC
85,4554166,348.033523,-11.667135,26.1297,2.81386,13.733,STAR,2mass,20180610,,,392-129840,23120804-1140016,,J231208.06-114001.6,2413076660286309120,7401076,,tmgaia,2.24115,2.24054,hsoy,,,,61.653054,-62.03873,344.44183,-6.013771,16.144,0.085,15.042,0.206,,,,,,,,,,,12.79,0.022,12.207,0.026,12.086,0.027,AAA-222-111-000-0-0,79.6,11.998,0.023,12.066,0.025,11.775,0.311,8.341,,14.4268,0.00112674,0.018,gaiaj,splin,4368.0,174.0,4.56706,0.236556,,,0.712611,0.0729535,0.6828643,0.0809022,1.88702,0.579551,DWARF,0.1665445,0.0340999626,325.507,,0.0329249,,11.0,2.27842918e-07,,,,0.08514752008042942,245930999.0,348.03354,-11.667117999999999,GO19067_LC|GO19068_LC
86,4579811,348.315734,-11.664186,-1.87099,-9.96948,13.647,STAR,2mass,20180610,,,392-129878,23131577-1139510,,J231315.77-113951.1,2413062882028683520,,,tmgaia,2.24053,2.24054,hsoy,,,,62.016497,-62.256824,344.698741,-6.119269,14.992,0.042,14.447,0.206,,,,,,,,,,,13.006,0.022,12.624,0.026,12.57,0.032,AAA-222-111-000-0-0,13.4,12.524,0.024,12.59,0.025,12.19,0.473,9.044,,14.1229,0.000963409,0.018,gaiaj,splin,5369.0,184.0,4.4264,2.004,,,0.977787,0.977787,0.929961562,0.117631,0.994792,2.98438,DWARF,0.7157426,0.7157426,655.682,,0.0324,,9.0,0.17614302,,,,0.042715179974417074,245931062.0,348.31573,-11.664197,GO19011_LC|GO19067_LC
87,4579810,348.268085,-11.663891,-0.444582,-0.197618,17.527,STAR,2mass,20180610,,,,23130434-1139500,,J231304.34-113950.0,2413065768247283200,,,tmgaia,2.29715,2.25658,hsoy,,,,61.956148,-62.219574,344.655676,-6.100717,15.808,0.091,,,,,,,,,,,,,15.645,0.083,14.889,0.096,14.327,0.096,AAA-222-111-000-0-0,67.5,13.649,0.026,13.411,0.034,9.48,0.041,7.073,0.096,18.7965,0.0243886,0.042,gaiaj,,4892.0,179.0,,,,,,,,,,,GIANT,,,,,,,,,,,,0.05288982359718083,245931065.0,348.2681,-11.663891,GO19059_LC
88,4582476,348.495509,-11.661485,3.96425,-19.8943,15.209,STAR,2mass,20180610,,,392-129893,23135892-1139413,,J231358.92-113941.5,2413390536493841536,7402157,,tmgaia,2.23608,2.23608,hsoy,,,,62.251935,-62.394841,344.862723,-6.185786,16.758,0.109,16.228,1.133,,,,,,,,,,,14.537,0.033,14.13,0.041,14.031,0.053,AAA-222-111-000-0-0,39.4,14.046,0.027,14.125,0.044,12.18,,9.063,,15.7066,0.0023176,0.021,gaiaj,,4931.0,180.0,,,,,,,,,,,DWARF,,,,,,,,,,,,0.06016747638958458,245931110.0,348.4955,-11.661499000000001,GO19011_LC|GO19067_LC|GO19068_LC
89,4579809,348.3177,-11.660986,18.0396,-2.50562,13.74,STAR,2mass,20180610,,,392-129879,23131624-1139395,,J231316.25-113939.5,2413062882028683392,,,tmgaia,2.24052,2.24052,hsoy,,,,62.02447,-62.256408,344.701784,-6.117079,15.35,0.043,14.679,0.114,,,,,,,,,,,13.027,0.025,12.559,0.026,12.463,0.026,AAA-222-111-000-0-0,13.4,12.414,0.023,12.475,0.024,12.116,,9.022,,14.2686,0.00103798,0.018,gaiaj,splin,4912.0,179.0,4.50686,2.00346,,,0.829218,0.829218,0.8049557,0.0947178,1.41178,4.23533,DWARF,0.3606331,0.3606331,494.484,,0.0324,,10.0,0.229441822,,,,0.09528098648020182,245931121.0,348.31772,-11.660967999999999,GO19011_LC|GO19067_LC|GO19068_LC
90,4579807,348.314532,-11.653802,4.89262,-15.4826,14.502,STAR,2mass,20180610,,,392-129876,23131548-1139136,,J231315.48-113913.8,2413062950748300160,7401731,,tmgaia,2.24054,2.24053,hsoy,,,,62.03267,-62.249577,344.701742,-6.109254,17.5,,16.043,1.133,,,,,,,,,,,13.383,0.026,12.729,0.027,12.537,0.029,AAA-222-111-000-0-0,28.2,12.461,0.024,12.569,0.026,12.027,,8.996,,15.3152,0.00183461,0.018,gaiaj,,3960.0,170.0,,,,,,,,,,,DWARF,,,,,,,,,,,,0.04630285840253884,245931241.0,348.31453999999997,-11.653812,GO19067_LC|GO19068_LC
91,4579936,348.419078,-11.648807,33.4405,-6.295,14.88,STAR,2mass,20180610,,,392-129889,23134057-1138556,,J231340.60-113855.8,2413437643695706752,7402001,,tmgaia,2.24053,2.24052,hsoy,,,,62.175209,-62.32778,344.798457,-6.14478,16.856,0.117,16.093,1.133,,,,,,,,,,,13.972,0.025,13.397,0.032,13.277,0.04,AAA-222-111-000-0-0,7.4,13.232,0.025,13.284,0.034,12.342,,8.383,,15.5485,0.00210546,0.018,gaiaj,splin,4474.0,175.0,4.55602,0.248794,,,0.731647,0.0798095,0.701771557,0.0839285,1.79181,0.586361,DWARF,0.193233237,0.042156525,595.005,,0.0337,,23.0,0.212349936,,,,0.31637646872386477,245931346.0,348.4191,-11.648892,GO19067_LC|GO19068_LC
92,4579939,348.405963,-11.646219,27.5566,-18.0474,15.061,STAR,2mass,20180610,,,392-129884,23133742-1138463,,J231337.45-113846.7,2413437712415183744,7401958,,tmgaia,2.24052,2.24052,hsoy,,,,62.162778,-62.316018,344.787591,-6.137365,17.423,0.286,16.198,1.133,,,,,,,,,,,14.145,0.028,13.556,0.032,13.437,0.043,AAA-222-111-000-0-0,30.4,13.395,0.025,13.421,0.034,11.971,,8.757,,15.7348,0.00235816,0.019,gaiaj,,4447.0,174.0,,,,,,,,,,,DWARF,,,,,,,,,,,,0.23180374511765328,245931391.0,348.40598,-11.646281,GO19067_LC|GO19068_LC
93,4582469,348.516774,-11.629373,-21.0234,-2.30602,9.411,STAR,2mass,20180610,,5824-00072-1,392-129897,23140402-1137457,,J231404.01-113745.8,2413392220120958208,7402201,,tmgaia,1.39294,0.861654,tgas,6.28507,0.519814,tgas,62.334256,-62.391729,344.894657,-6.164411,10.335,0.083,9.812,0.006,,,,,,,,,,,8.949,0.027,8.73,0.022,8.67,0.02,AAA-122-111-000-0-0,5.1,8.642,0.023,8.682,0.02,8.686,0.029,8.571,,9.74952,0.000345996,0.019,gaiaj,tplx,6162.95,45.2635,4.03716,0.0906446,-0.291311,0.0768221,1.4575,0.245663,1.30728,0.258643,0.422224,0.213499,DWARF,2.76100016,0.93073833,159.107224,15.1934,0.0319831,,17.0,0.0064911074,,,0.00149681268,0.11783483313509296,245931711.0,348.51678,-11.629405,GO19003_LC|GO19049_LC|GO19065_LC|GO19067_LC
94,4582595,348.602673,-11.623453,10.4602,0.945965,15.19,STAR,2mass,20180610,,,392-129902,23142464-1137244,,J231424.64-113724.3,2413391670365212544,7402403,,tmgaia,2.22975,2.22974,hsoy,,,,62.455539,-62.45467,344.974842,-6.191959,16.575,0.094,15.905,1.133,,,,,,,,,,,14.599,0.035,14.254,0.046,14.058,0.066,AAA-222-111-000-0-0,47.2,14.197,0.028,14.236,0.047,12.206,,8.988,,15.627,0.00220764,0.021,gaiaj,,5302.0,184.0,,,,,,,,,,,DWARF,,,,,,,,,,,,0.11765156463213808,245931836.0,348.6027,-11.623472,GO19011_LC|GO19067_LC|GO19068_LC
95,404244688,348.1758,-11.6191,94.26,8.41,12.577,STAR,2mass,20180610,,,392-129857,23124220-1137086,,J231242.27-113708.5,2413066799039445376,7401401,,tmgaia,2.0,2.0,sblink,,,,61.91488,-62.120554,344.589679,-6.024109,16.413,0.077,14.849,0.087,,,,,,,,,,,11.14,0.026,10.571,0.023,10.289,0.022,AAA-222-111-000-0-0,32.3,10.142,0.022,10.041,0.02,9.923,0.056,8.476,,13.6019,0.000742682,0.041,cdwrf,cdwrf,3473.0,67.0,4.87702,0.382906,,,0.374,0.061,0.384,0.077,7.34034,3.59167,DWARF,0.018333992,0.005980607,107.125145,,0.0332372,,15.0,0.13930279,,,0.00142755592,0.16693049490100706,245931927.0,348.17584,-11.619075,GO19026_LC|GO19063_LC|GO19067_LC|GO19068_LC
96,4602562,348.737639,-11.618064,6.44742,-3.57573,12.616,STAR,2mass,20180610,,,392-129924,23145703-1137050,,J231457.03-113705.0,2413394556583166976,7402704,,tmgaia,1.30093,1.37149,hsoy,,,,62.640358,-62.555792,345.099288,-6.238869,14.463,0.035,13.736,0.172,,,,,,,,,,,11.825,0.021,11.324,0.022,11.23,0.019,AAA-222-111-000-0-0,72.0,11.166,0.023,11.246,0.02,11.135,0.16,9.036,,13.2019,0.000611321,0.017,gaiaj,,4583.0,169.0,,,,,,,,,,,GIANT,,,,,0.0324006,,,,,,,0.16203013721679538,245931953.0,348.7376,-11.618039999999999,GO19067_LC|GO19068_LC
97,4579801,348.209052,-11.617223,1.58183,-10.0385,14.661,STAR,2mass,20180610,,,392-129862,23125017-1137019,,J231250.16-113702.1,2413067108277091200,7401474,,tmgaia,2.24052,2.24052,hsoy,,,,61.960373,-62.145297,344.620554,-6.035134,16.008,0.058,15.247,0.275,,,,,,,,,,,14.093,0.03,13.797,0.034,13.741,0.05,AAA-222-111-000-0-0,14.5,13.691,0.026,13.775,0.042,11.978,,8.907,,15.0805,0.00160455,0.02,gaiaj,splin,5772.0,188.0,4.34642,,,,1.13055,1.13055,1.03412688,0.123627,0.715658,0.715658,DWARF,1.27814078,1.27814078,1358.62,,0.0326,,16.0,,,,,0.015390914398378312,245931975.0,348.20905,-11.617219,GO19011_LC|GO19067_LC
98,4582596,348.647379,-11.617039,7.32776,-10.5135,14.786,STAR,2mass,20180610,,,392-129911,23143537-1137013,,J231435.37-113701.5,2413397511520735744,7402522,,tmgaia,2.24052,2.24052,hsoy,,,,62.524548,-62.48535,345.01789,-6.203236,16.303,0.118,15.417,0.126,,,,,,,,,,,14.165,0.032,13.784,0.038,13.664,0.047,AAA-222-111-000-0-0,93.5,13.671,0.026,13.655,0.037,12.27,,8.707,,15.247,0.00176383,0.02,gaiaj,splin,5414.0,185.0,4.41711,2.00405,,,0.994684,0.994684,0.942012966,0.119976,0.957197,2.87159,DWARF,0.7658399,0.7658399,1068.32,,0.0313,,17.0,9.576279e-09,,,,0.03174446533248492,245931981.0,348.64737,-11.617039,GO19067_LC|GO19068_LC
99,404244692,348.183107,-11.609742,39.2436,-6.18872,12.539,STAR,2mass,20180610,,,392-129858,23124394-1136350,,J231243.97-113635.1,2413066799039083520,7401419,,tmgaia,2.28227,2.28226,hsoy,,,,61.940075,-62.120562,344.599985,-6.0183,14.523,0.05,13.527,0.137,,,,,,,,,,,11.755,0.026,11.217,0.026,11.171,0.028,AAA-222-111-000-0-0,29.1,11.06,0.022,11.15,0.021,11.159,0.161,8.754,,13.1196,0.00058757,0.019,gaiaj,,4782.0,178.0,,,,,,,,,,,DWARF,,,250.055,,0.0330464,,17.0,0.14132899,,,,0.043058097053390997,245932122.0,348.1831,-11.609732000000001,GO19049_LC|GO19067_LC|GO19068_LC
100,4582465,348.496022,-11.608431,8.60105,0.650887,12.71,STAR,2mass,20180610,,,392-129894,23135904-1136303,,J231359.04-113630.3,2413439224243044992,7402160,,tmgaia,1.00256,1.00252,hsoy,,,,62.343216,-62.362842,344.884108,-6.137176,13.999,0.043,13.446,0.149,,,,,,,,,,,12.136,0.023,11.79,0.023,11.733,0.025,AAA-222-111-000-0-0,21.8,11.71,0.023,11.744,0.022,11.383,0.207,9.041,,13.135,0.000591919,0.018,gaiaj,splin,5575.0,187.0,4.38428,2.004,,,1.05566,1.05566,0.983786643,0.124566,0.836236,2.50871,DWARF,0.969889641,0.969889641,505.722,,0.0330037,,13.0,0.0227909945,,,,0.03061029413835152,245932150.0,348.49602999999996,-11.608433999999999,GO19049_LC|GO19067_LC
101,4579795,348.25298,-11.602767,9.44784,-10.0196,15.333,STAR,2mass,20180610,,,392-129871,23130071-1136099,,J231300.71-113610.0,2413067005197879296,7401587,,tmgaia,2.24831,2.24831,hsoy,,,,62.040947,-62.170683,344.666061,-6.038682,17.127,0.284,16.511,1.133,,,,,,,,,,,14.604,0.033,14.138,0.04,14.094,0.053,AAA-222-111-000-0-0,35.5,14.048,0.027,14.094,0.046,11.989,,8.482,,15.8737,0.00257176,0.021,gaiaj,,4727.0,177.0,,,,,,,,,,,DWARF,,,,,,,,,,,,0.07297080570651732,245932257.0,348.25296000000003,-11.602772,GO19011_LC|GO19067_LC|GO19068_LC
102,4579948,348.372152,-11.602627,-20.2087,-22.7678,13.979,STAR,2mass,20180610,,,392-129881,23132931-1136094,,J231329.30-113609.9,2413438811926760192,7401883,,tmgaia,2.24052,2.24052,hsoy,,,,62.193692,-62.263194,344.774128,-6.084281,15.707,0.045,14.812,0.206,,,,,,,,,,,13.276,0.025,12.803,0.028,12.731,0.03,AAA-222-111-000-0-0,57.9,12.706,0.024,12.785,0.028,11.978,,8.757,,14.4994,0.00117041,0.018,gaiaj,splin,5047.0,181.0,4.48697,2.0035,,,0.867518,0.867518,0.8415819,0.0996873,1.28902,3.86707,DWARF,0.439931363,0.439931363,576.013,,0.0337,,20.0,5.911484e-05,,,,0.20071254834076335,245932259.0,348.37216,-11.602682000000001,GO19067_LC|GO19068_LC
103,4579953,348.381447,-11.583058,,,15.289,STAR,2mass,20180610,,,,23133154-1134590,,J231331.52-113459.7,,,,2mass,,,,,,,62.238941,-62.258472,344.790263,-6.069845,19.216,0.162,,,,,,,,,,,,,13.749,0.026,13.138,0.031,12.941,0.034,AAA-222-111-000-0-0,65.2,12.745,0.024,12.569,0.027,11.812,,8.773,,,,0.146,bpjk,,3471.0,165.0,,,,,,,,,,,,,,,,,,,,,,,0.024697290851547316,245932685.0,348.38144,-11.583058,GO19067_LC|GO19068_LC
104,4579789,348.312049,-11.567078,-12.2514,-14.5933,12.463,STAR,2mass,20180610,,,393-135084,23131489-1134014,,J231314.88-113401.7,2413442110461643392,7401725,,tmgaia,0.942113,0.942066,hsoy,,,,62.177121,-62.19485,344.733656,-6.028507,13.655,0.049,13.145,0.149,,,,,,,,,,,11.938,0.023,11.623,0.023,11.589,0.025,AAA-222-111-000-0-0,42.8,11.547,0.022,11.581,0.023,12.203,0.417,8.877,,12.8507,0.00051663,0.018,gaiaj,splin,5806.0,189.0,4.34009,,,,1.14398,1.14398,1.04351413,0.124128,0.697019,0.697019,DWARF,1.33979559,1.33979559,512.07,,0.0322499,,16.0,,,,,0.0893484379658166,245933022.0,348.31203999999997,-11.567101,GO19049_LC|GO19065_LC|GO19067_LC
105,4579788,348.277694,-11.566968,,,13.392,STAR,2mass,20180610,,,393-135076,23130664-1134010,,J231306.63-113401.8,2413442522778611968,7401634,,tmgaia,,,,,,,62.133352,-62.168099,344.702559,-6.015224,,,12.995,1.03,,,,,,,,,,,12.143,0.029,11.474,0.027,11.279,0.028,AAA-222-111-c00-0-0,6.9,11.192,0.04,11.157,0.04,11.055,0.149,8.596,,14.2899,0.00104943,0.019,gaiaj,,5459.0,186.0,,,,,,,,,,,,,,,,0.0314653,,,,,,,0.07919939440588347,245933025.0,348.2777,-11.566989,GO19011_LC|GO19067_LC
106,4579787,348.27578,-11.566559,-25.8715,-52.6024,10.674,STAR,2mass,20180610,,5824-00282-1,393-135074,23130618-1133595,,J231306.16-113400.1,2413442522778591744,7401639,,tmgaia,1.66185,0.922538,tgas,4.44912,0.539673,tgas,62.1316,-62.166363,344.700986,-6.014113,11.718,0.316,11.608,0.028,,,,,,,,,,,10.162,0.026,9.826,0.029,9.751,0.028,AAA-222-111-000-0-0,6.9,9.725,0.023,9.758,0.021,9.719,0.048,8.086,,11.0515,0.000345996,0.019,gaiaj,tplx,5390.0,185.0,4.21129,0.50573,,,1.25636,0.307515,0.935602,0.118789,0.47179,0.346435,DWARF,1.20026731,0.5875707,224.76358,,0.0314493,,17.0,0.0759525,,,0.000784207368,0.20529891162565586,245933030.0,348.27572999999995,-11.566588000000001,GO19049_LC|GO19065_LC|GO19067_LC
107,4582459,348.4528,-11.5593,-50.3,-57.59,15.707,STAR,2mass,20180610,,,,23134867-1133333,,J231348.62-113333.9,,,,2mass,2.0,2.0,sblink,,,,62.371185,-62.299297,344.864301,-6.07538,19.28,0.162,18.02,0.2,,,,,,,,,,,14.161,0.028,13.577,0.033,13.325,0.036,AAA-222-111-000-0-0,80.2,13.21,0.025,13.094,0.03,12.143,0.445,8.32,,,,0.061,cdwrf,cdwrf,3398.0,105.0,4.91598,0.493094,,,0.334,0.07,0.335,0.087,8.99095,5.65299,DWARF,0.01339927,0.00561646046,385.8894,,,,19.0,3.013925e-06,,,0.000124407918,0.1432800000009524,245933176.0,348.4528,-11.55926,GO19063_LC|GO19067_LC
108,4602719,348.825369,-11.554639,8.77345,11.422,13.116,STAR,2mass,20180610,,,393-135139,23151808-1133167,,J231518.09-113316.6,2413396755606421248,7402886,,tmgaia,2.22029,2.22029,hsoy,,,,62.863692,-62.584499,345.203845,-6.214265,14.073,0.061,13.826,0.263,,,,,,,,,,,12.608,0.022,12.292,0.027,12.3,0.028,AAA-222-111-000-0-0,56.5,12.237,0.023,12.305,0.024,11.863,,8.389,,13.49,0.000703057,0.018,gaiaj,splin,6046.0,193.0,4.29639,,,,1.24876,1.24876,1.12438858,0.148378,0.577401,0.577401,DWARF,1.87726867,1.87726867,794.365,,0.0328312,,14.0,,,,,0.08883946244781807,245933261.0,348.82538,-11.554661,GO19049_LC|GO19067_LC
109,4602546,348.758676,-11.547327,26.0884,9.16132,15.206,STAR,2mass,20180610,,,393-135132,23150208-1132503,,J231502.10-113250.3,2413399470025834112,7402745,,tmgaia,2.24642,2.24615,hsoy,,,,62.78881,-62.528535,345.146279,-6.181894,17.619,-0.131,16.869,1.133,,,,,,,,,,,14.016,0.03,13.382,0.032,13.266,0.04,AAA-222-111-000-0-0,29.5,13.212,0.024,13.256,0.031,11.865,,8.429,,16.0645,0.00290603,0.019,gaiaj,,3907.0,169.0,,,,,,,,,,,DWARF,,,,,,,,,,,,0.13060596828227822,245933418.0,348.75867,-11.547291,GO19067_LC|GO19068_LC
110,4602545,348.7328,-11.5447,-7.89,-61.92,16.284,STAR,2mass,20180610,,,,23145586-1132407,,J231455.85-113241.3,,,,2mass,2.0,2.0,sblink,,,,62.759466,-62.506941,345.123861,-6.169529,,,19.76,0.2,,,,,,,,,,,14.381,0.03,13.727,0.036,13.439,0.042,AAA-222-111-000-0-0,82.6,13.225,0.025,13.013,0.029,12.025,0.352,8.237,,,,0.062,cdwrf,cdwrf,2999.0,98.0,5.1174,0.525221,,,0.165,0.036,0.13,0.038,28.9395,18.9422,DWARF,0.00198412244,0.000865798851,,,,,17.0,1.0685518e-06,,,0.000211953185,0.25438924555874526,245933462.0,348.73276,-11.544641,GO19063_LC
111,4582457,348.537033,-11.541905,-16.2565,-1.71591,11.575,STAR,2mass,20180610,,,393-135104,23140888-1132308,,J231408.87-113230.8,2413440083236502912,7402239,,tmgaia,0.942811,0.942721,hsoy,,,,62.509616,-62.353886,344.947511,-6.091727,13.058,0.026,12.382,0.092,,,,,,,,,,,10.939,0.023,10.532,0.025,10.436,0.021,AAA-222-111-000-0-0,46.7,10.393,0.022,10.432,0.019,10.305,0.079,8.451,,12.0473,0.000353737,0.018,gaiaj,splin,5275.0,183.0,4.44554,2.00384,,,0.943261,0.943261,0.9044225,0.112083,1.07765,3.23294,DWARF,0.6206517,0.6206517,219.781,,0.0346368,,17.0,0.00364206429,,,0.0006283493,0.047278606895936194,245933515.0,348.53702000000004,-11.541908,GO19049_LC|GO19065_LC|GO19067_LC|GO19068_LC
112,4602544,348.755628,-11.539699,,,17.5,STAR,2mass,20180610,,,,23150135-1132229,,J231501.34-113223.0,,,,2mass,,,,,,,62.797848,-62.521483,345.146527,-6.173706,20.126,0.114,,,,,,,,,,,,,16.145,0.107,15.371,0.111,14.708,0.109,ABB-222-111-000-0-0,29.5,14.402,0.029,14.145,0.048,12.153,,8.429,,,,0.176,bpjk,,3460.0,165.0,,,,,,,,,,,,,,,,,,,,,,,0.09876508649850335,245933560.0,348.7556,-11.539699,GO19059_LC
113,4602722,348.8432,-11.5363,-27.03,-31.17,13.882,STAR,2mass,20180610,,,393-135144,23152236-1132106,,J231522.33-113211.0,2413396789966315136,7402941,,tmgaia,2.0,2.0,sblink,,,,62.918449,-62.586934,345.227249,-6.204256,17.906,,16.47,0.2,,,,,,,,,,,12.414,0.022,11.793,0.024,11.544,0.024,AAA-222-111-000-0-0,54.2,11.431,0.023,11.315,0.021,11.155,0.166,8.313,,14.9573,0.00149805,0.051,cdwrf,cdwrf,3420.0,79.0,4.9031,0.42085,,,0.346,0.062,0.349,0.077,8.42553,4.52933,DWARF,0.014755412,0.005288067,191.672592,,0.0329996,,11.0,3.803256e-05,,,0.000603783759,0.11847468751125234,245933625.0,348.84317000000004,-11.536285000000001,GO19063_LC|GO19067_LC|GO19068_LC
114,4582614,348.597375,-11.53259,-1.11897,-18.7129,12.818,STAR,2mass,20180610,,,393-135108,23142337-1131573,,J231423.37-113157.4,2413445752593333376,7402391,,tmgaia,2.24053,2.24052,hsoy,,,,62.603714,-62.394854,345.005881,-6.106341,14.472,0.048,13.815,0.172,,,,,,,,,,,12.078,0.024,11.555,0.023,11.514,0.023,AAA-222-111-000-0-0,32.9,11.465,0.023,11.506,0.022,11.156,0.183,8.923,,13.367,0.00066215,0.018,gaiaj,,4832.0,178.0,,,,,,,,,,,DWARF,,,,,0.0339074,,,,,,,0.08395341627750914,245933701.0,348.59738,-11.532567,GO19049_LC|GO19067_LC|GO19068_LC
115,4579963,348.430411,-11.532162,2.9228,-36.679,14.65,STAR,2mass,20180610,,,393-135099,23134329-1131557,,J231343.30-113156.3,2413443587929902592,7402027,,tmgaia,2.24054,2.24053,hsoy,,,,62.388485,-62.265342,344.854701,-6.041816,17.02,0.059,15.893,1.133,,,,,,,,,,,13.716,0.025,13.092,0.029,12.941,0.034,AAA-222-111-000-0-0,51.9,12.921,0.024,12.946,0.03,12.45,,8.38,,15.336,0.00185695,0.018,gaiaj,,4308.0,173.0,,,,,,,,,,,DWARF,,,462.377,,0.0368,,19.0,0.000249334524,,,,0.15560371895966965,245933705.0,348.43045,-11.532182,GO19067_LC|GO19068_LC
116,4582618,348.5935,-11.5223,42.34,-3.18,16.672,STAR,2mass,20180610,,,,23142243-1131203,,J231422.47-113120.3,2413445855672636928,,,tmgaia,2.0,2.0,sblink,,,,62.616206,-62.385538,345.006427,-6.095386,21.065,0.165,19.71,0.2,,,,,,,,,,,14.877,0.041,14.3,0.046,14.081,0.066,AAA-222-111-000-0-0,30.6,13.951,0.028,13.789,0.041,12.04,,8.818,0.465,17.7115,0.00974252,0.068,cdwrf,cdwrf,3098.0,105.0,5.07041,0.573325,,,0.198,0.047,0.168,0.054,21.6428,15.4123,DWARF,0.00325349951,0.00154459069,,,,,23.0,0.6688131,,,0.0001125107,0.10131810069694254,245933888.0,348.59348,-11.52232,GO19063_LC
117,4582619,348.676947,-11.519,11.1199,-7.44523,15.234,STAR,2mass,20180610,,,393-135122,23144246-1131083,,J231442.47-113108.6,2413399126428457344,7402576,,tmgaia,2.23608,2.23607,hsoy,,,,62.730401,-62.447992,345.083373,-6.124419,16.694,0.034,16.046,1.133,,,,,,,,,,,14.57,0.032,14.224,0.046,14.026,0.063,AAA-222-111-000-0-0,25.9,14.024,0.027,13.956,0.042,12.311,,8.711,,15.7261,0.00234559,0.02,gaiaj,,5111.0,182.0,,,,,,,,,,,DWARF,,,,,,,,,,,,0.16950424198865088,245933970.0,348.6769,-11.518989999999999,GO19067_LC|GO19068_LC
118,4602728,348.895665,-11.511807,29.557,-4.28285,15.325,STAR,2mass,20180610,,,393-135147,23153495-1130425,,J231534.97-113042.6,2413420360746845440,7403045,,tmgaia,2.22121,2.22116,hsoy,,,,63.029315,-62.612221,345.28448,-6.201912,17.977,-0.18,16.452,1.133,,,,,,,,,,,14.337,0.03,13.773,0.044,13.672,0.045,AAA-222-111-000-0-0,42.5,13.643,0.026,13.636,0.035,12.348,,8.443,,16.0482,0.00287549,0.02,gaiaj,,4432.0,174.0,,,,,,,,,,,DWARF,,,,,,,,,,,,0.1254666116024592,245934118.0,348.8957,-11.511813,GO19067_LC|GO19068_LC
119,4602538,348.800466,-11.509492,23.0379,-21.0405,14.86,STAR,2mass,20180610,,,393-135135,23151210-1130341,,J231512.12-113034.5,2413400019781656064,7402831,,tmgaia,2.24053,2.24052,hsoy,,,,62.908129,-62.537443,345.199095,-6.163164,17.304,0.063,15.962,0.013,,,,,,,,,,,13.904,0.031,13.29,0.033,13.242,0.038,AAA-222-111-000-0-0,52.2,13.071,0.024,13.121,0.031,12.03,,8.377,,15.5619,0.00212247,0.02,gaiaj,,4478.0,175.0,,,,,,,,,,,DWARF,,,528.951,,0.0333,,16.0,0.00315841171,,,,0.07371098007084291,245934168.0,348.80048,-11.509507000000001,GO19067_LC|GO19068_LC
120,4582445,348.4938,-11.5062,-62.96,-64.46,15.987,STAR,2mass,20180610,,,,23135852-1130221,,J231358.46-113022.8,,,,2mass,2.0,2.0,sblink,,,,62.51441,-62.298529,344.922395,-6.042274,20.873,0.162,18.5,0.2,,,,,,,,,,,14.331,0.028,13.777,0.033,13.481,0.037,AAA-222-111-000-0-0,20.7,13.307,0.025,13.14,0.034,11.639,0.287,7.872,0.21,,,0.061,cdwrf,cdwrf,3279.0,102.0,4.97491,0.52456,,,0.276,0.061,0.262,0.074,12.4616,8.26259,DWARF,0.007933751,0.00350694777,340.64566,,,,18.0,0.07078831,,,0.0001281953,0.31606422559635156,245934227.0,348.49387,-11.506145,GO19063_LC|GO19067_LC
121,4582444,348.488085,-11.50517,,,16.568,STAR,2mass,20180610,,,,23135714-1130186,,J231357.14-113018.7,2413441182749910144,7402133,,tmgaia,,,,,,,62.508773,-62.293474,344.917621,-6.039131,16.662,-0.057,15.879,0.008,,,,,,,,,,,14.917,0.081,14.077,0.077,13.232,0.063,AAA-222-111-000-1-0,20.7,11.656,0.022,10.804,0.021,7.878,0.02,5.706,0.055,17.7087,0.00972038,0.035,gaiaj,,4535.0,175.0,,,,,,,,,,,,,,,,,,,,,,,0.05291986033371485,245934248.0,348.4881,-11.50517,GO19059_LC|GO19067_LC
122,4582442,348.52301,-11.496232,-8.51339,-17.2071,14.937,STAR,2mass,20180610,,,393-135101,23140552-1129464,,J231405.51-112946.5,2413447023903746176,7402216,,tmgaia,2.24053,2.24053,hsoy,,,,62.569139,-62.315015,344.952805,-6.044323,18.183,0.162,16.407,0.332,,,,,,,,,,,13.819,0.028,13.131,0.032,12.972,0.038,AAA-222-111-000-0-0,61.7,12.811,0.023,12.791,0.028,11.846,0.292,8.598,,15.7496,0.00237989,0.019,gaiaj,,4001.0,170.0,,,,,,,,,,,DWARF,,,,,,,,,,,,0.1167610677215673,245934421.0,348.52304,-11.496217999999999,GO19067_LC|GO19068_LC
123,4602731,348.9129,-11.4926,19.0,52.0,14.046,STAR,2mass,20180610,,,393-135149,23153910-1129333,,J231539.13-112932.9,,7403093,,2mass,8.0,8.0,sblink,,,,63.084835,-62.613603,345.307689,-6.190878,17.354,0.412,15.972,0.152,,,,,,,,,,,12.684,0.024,12.109,0.026,11.889,0.026,AAA-222-111-000-0-0,48.2,11.745,0.023,11.625,0.022,11.311,0.204,8.837,,,,0.069,cdwrf,cdwrf,3678.0,67.0,4.78595,0.354187,,,0.481,0.073,0.515,0.094,4.62777,2.10703,DWARF,0.0381444842,0.01157816,266.962341,,0.0332943,,29.0,0.000265958282,,,0.000319317449,0.21200241722870336,245934486.0,348.91296,-11.492602999999999,GO19063_LC|GO19067_LC|GO19068_LC
124,4602734,348.873779,-11.488512,69.5,-61.04,12.068,STAR,2mass,20180610,,,393-135145,23152970-1129185,,J231529.75-112919.3,2413420635624585088,7403004,,tmgaia,2.0,2.0,sblink,,,,63.04026,-62.58096,345.273839,-6.172067,13.646,0.043,12.921,0.092,,,,,,,,,,,11.401,0.021,10.996,0.023,10.932,0.021,AAA-222-111-000-0-0,30.7,10.892,0.023,10.964,0.021,10.973,0.139,8.775,,12.563,0.000450735,0.017,gaiaj,splin,5244.0,183.0,4.45168,2.00378,,,0.932197,0.932197,0.8959195,0.11019,1.10598,3.31793,DWARF,0.592053533,0.592053533,296.307,,0.0338743,,21.0,0.00934567,,,0.000464156154,0.14990642932988474,245934571.0,348.8738,-11.488548,GO19049_LC|GO19065_LC|GO19067_LC
125,4582629,348.602547,-11.470472,5.1134,-7.06144,12.239,STAR,2mass,20180610,,,393-135109,23142461-1128136,,J231424.60-112813.6,2413446645946528896,7402401,,tmgaia,2.24053,2.24052,hsoy,,,,62.716103,-62.360662,345.035066,-6.051185,14.786,0.021,13.518,0.114,,,,,,,,,,,11.222,0.024,10.505,0.023,10.369,0.022,AAA-222-111-000-0-0,9.1,10.282,0.022,10.42,0.02,10.186,0.083,8.558,,12.9835,0.000550449,0.018,gaiaj,,4266.8,77.0,0.23,,-1.22,0.17,,,,,,,GIANT,,,,,0.0344041,,,,,,,0.09575947413225543,245934982.0,348.60254,-11.470446,GO19067_LC|GO19068_LC
126,4602527,348.727679,-11.466406,-24.2876,-30.3138,14.226,STAR,2mass,20180610,,,393-135129,23145464-1127590,,J231454.62-112758.9,2413401359811459968,7402681,,tmgaia,2.24053,2.24052,hsoy,,,,62.8862,-62.454728,345.150114,-6.095544,17.155,0.115,15.493,0.092,,,,,,,,,,,13.094,0.029,12.502,0.029,12.396,0.034,AAA-222-111-000-0-0,87.3,12.192,0.023,12.205,0.024,12.306,0.472,8.941,,15.0464,0.00157415,0.019,gaiaj,splin,4269.0,173.0,4.5782,0.227153,,,0.695496,0.0677625,0.667359948,0.0779056,1.9837,0.579819,DWARF,0.144740015,0.0282041747,,,0.0332,,21.0,2.41448646e-07,,,,0.1732627063506457,245935059.0,348.72763,-11.466409,GO19067_LC|GO19068_LC
127,4602741,348.905268,-11.463346,-0.534247,-2.55538,14.729,STAR,2mass,20180610,,,393-135148,23153726-1127480,,J231537.26-112748.2,2413421151021001088,7403068,,tmgaia,2.22029,2.22029,hsoy,,,,63.124679,-62.589612,345.312323,-6.161036,16.745,0.143,15.96,0.126,,,,,,,,,,,13.917,0.028,13.352,0.034,13.28,0.035,AAA-222-111-000-0-0,46.8,13.228,0.025,13.299,0.033,11.756,,8.835,,15.3296,0.00185007,0.019,gaiaj,,4441.0,168.0,,,,,,,,,,,GIANT,,,,,,,,,,,,0.15927638499703425,245935122.0,348.90527000000003,-11.463389999999999,GO19067_LC|GO19068_LC
128,4582435,348.554044,-11.448995,14.701,-4.54878,12.093,STAR,2mass,20180610,,,393-135105,23141296-1126563,,J231412.97-112656.4,2413447642379192576,7402291,,tmgaia,2.24055,2.24053,hsoy,,,,62.689563,-62.309975,344.99956,-6.01279,14.748,0.051,13.372,0.126,,,,,,,,,,,11.07,0.023,10.445,0.023,10.291,0.021,AAA-222-111-000-0-0,38.5,10.211,0.022,10.288,0.021,10.27,0.087,9.016,,12.8407,0.000514171,0.018,gaiaj,,4160.0,166.0,,,,,,,,,,,GIANT,,,,,0.0356373,,,,,,,0.021606474150046087,245935420.0,348.55405,-11.448996000000001,GO19067_LC|GO19068_LC
129,4582433,348.563289,-11.443329,-6.64106,-12.1497,14.593,STAR,2mass,20180610,,,393-135106,23141518-1126359,,J231415.17-112636.1,2413447745458412288,7402311,,tmgaia,2.24052,2.24052,hsoy,,,,62.711174,-62.313631,345.010175,-6.01113,16.234,0.114,15.374,0.046,,,,,,,,,,,13.915,0.029,13.481,0.034,13.397,0.044,AAA-222-111-000-0-0,38.5,13.299,0.024,13.343,0.034,12.43,,8.945,,15.0955,0.00161819,0.02,gaiaj,splin,5157.0,182.0,4.46819,2.00362,,,0.902317,0.902317,0.871934235,0.105042,1.18688,3.56064,DWARF,0.518801868,0.518801868,844.287,,0.0354,,15.0,0.231879488,,,,0.10998200456939879,245935535.0,348.56326,-11.44334,GO19011_LC|GO19067_LC|GO19068_LC
130,4602521,348.704206,-11.438548,,,17.442,STAR,2mass,20180610,,,,23144900-1126187,,J231448.96-112618.9,,,,2mass,,,,,,,62.902872,-62.419432,345.139823,-6.060894,18.742,0.14,,,,,,,,,,,,,16.464,0.133,15.887,0.17,15.036,0.14,BCB-222-111-000-0-0,57.3,14.563,0.03,14.321,0.054,11.888,,8.282,,,,0.191,bpjk,,3964.0,170.0,,,,,,,,,,,,,,,,,,,,,,,0.021198509494262524,245935632.0,348.7042,-11.438547999999999,GO19059_LC
131,4582637,348.65695,-11.428698,10.0732,-19.7484,13.228,STAR,2mass,20180610,,,393-135119,23143766-1125432,,J231437.67-112543.6,2413448329573959296,7402533,,tmgaia,2.24052,2.24052,hsoy,,,,62.857893,-62.376911,345.100864,-6.033666,14.473,0.046,13.912,0.114,,,,,,,,,,,12.677,0.025,12.358,0.027,12.31,0.03,AAA-222-111-000-0-0,47.8,12.272,0.023,12.319,0.024,11.679,0.243,8.928,,13.6348,0.000754799,0.019,gaiaj,splin,5765.0,188.0,4.34773,,,,1.12781,1.12781,1.03223622,0.123586,0.719561,0.719561,DWARF,1.26580393,1.26580393,700.708,,0.0330517,,19.0,,,,,0.12449461399522509,245935840.0,348.65692,-11.428716,GO19049_LC|GO19067_LC
132,4610935,348.97706,-11.423833,,,16.962,STAR,2mass,20180610,,,,23155449-1125257,,J231554.49-112525.7,,,,2mass,,,,,,,63.286913,-62.620275,345.393017,-6.152326,17.848,0.103,,,,,,,,,,,,,16.121,0.095,15.186,0.092,14.764,0.111,AAB-222-111-000-0-0,80.7,14.367,0.029,13.968,0.041,10.11,0.06,8.561,0.403,,,0.165,bpjk,,4215.0,172.0,,,,,,,,,,,,,,,,,,,,,,,0.03529414407069871,245935942.0,348.97705,-11.423833,GO19059_LC
133,4602511,348.803284,-11.418422,20.5568,-28.5157,15.487,STAR,2mass,20180610,,,393-135136,23151278-1125062,,J231512.80-112506.6,2413424930592141824,,,tmgaia,2.24707,2.24707,hsoy,,,,63.066905,-62.483312,345.237595,-6.080483,17.298,0.054,16.719,1.133,,,,,,,,,,,14.696,0.04,14.186,0.049,14.099,0.061,AAA-222-111-000-0-0,13.6,14.077,0.028,14.155,0.048,12.23,,9.036,,16.0718,0.00291997,0.023,gaiaj,,4557.0,176.0,,,,,,,,,,,DWARF,,,,,,,,,,,,0.18798525085979248,245936042.0,348.80325,-11.418462,GO19067_LC|GO19068_LC
134,4582639,348.599813,-11.414881,4.86598,-0.863694,17.426,STAR,2mass,20180610,,,,23142395-1124535,,J231423.95-112453.6,2413449222927168768,,,tmgaia,2.29418,2.29379,hsoy,,,,62.806886,-62.324306,345.054505,-5.998995,18.452,0.081,,,,,,,,,,,,,15.532,0.072,14.938,0.083,14.48,0.099,AAA-222-111-000-0-0,103.6,14.142,0.028,14.063,0.045,12.472,,8.531,,18.7007,0.0224351,0.038,gaiaj,,4125.0,171.0,,,,,,,,,,,DWARF,,,,,,,,,,,,0.024712030327589833,245936111.0,348.59982,-11.414881,GO19059_LC
135,4610933,349.047979,-11.410536,41.69,16.9,14.626,STAR,2mass,20180610,,,393-135162,23161151-1124379,,J231611.54-112437.7,2413422284892388480,7403405,,tmgaia,2.0,2.0,sblink,,,,63.403665,-62.666436,345.462571,-6.167401,17.141,0.098,16.013,0.057,,,,,,,,,,,13.657,0.027,13.001,0.028,12.865,0.03,AAA-222-111-000-0-0,40.6,12.835,0.024,12.847,0.029,12.189,,8.805,,15.3369,0.00185796,0.019,gaiaj,,4176.0,172.0,,,,,,,,,,,DWARF,,,424.727,,0.0329,,16.0,0.00157737522,,,,0.10809114295743502,245936182.0,349.04797,-11.410507,GO19067_LC|GO19068_LC
136,4610932,348.952151,-11.406199,,,16.99,STAR,2mass,20180610,,,,23154851-1124223,,J231548.52-112422.1,,,,2mass,,,,,,,63.283966,-62.590187,345.377397,-6.126521,18.092,0.107,,,,,,,,,,,,,16.104,0.099,15.475,0.123,14.792,0.122,ABB-222-111-000-0-0,51.4,14.287,0.029,14.035,0.043,10.862,0.115,8.178,0.283,,,0.168,bpjk,,4174.0,172.0,,,,,,,,,,,,,,,,,,,,,,,0.003690464624305094,245936260.0,348.95215,-11.406199,GO19059_LC
137,4611179,349.06342,-11.387954,4.27741,-3.93397,13.104,STAR,2mass,20180610,,,394-128691,23161522-1123166,,J231615.21-112316.7,2413422491050705280,7403446,,tmgaia,2.22029,2.22029,hsoy,,,,63.46267,-62.664209,345.485494,-6.15258,15.021,0.054,14.199,0.183,,,,,,,,,,,12.307,0.025,11.774,0.024,11.718,0.025,AAA-222-111-000-0-0,43.4,11.636,0.022,11.743,0.022,11.595,0.251,8.954,,13.6944,0.000777291,0.018,gaiaj,,4605.0,169.0,,,,,,,,,,,GIANT,,,,,0.0330362,,,,,,,0.07064124739064524,245936631.0,349.0634,-11.387953,GO19067_LC|GO19068_LC
138,4602757,348.82717,-11.383778,8.6688,-20.8884,15.216,STAR,2mass,20180610,,,394-128665,23151852-1123015,,J231518.52-112301.9,2413425583427284608,7402888,,tmgaia,2.24053,2.24052,hsoy,,,,63.157157,-62.480219,345.272924,-6.057807,17.55,0.048,16.345,1.133,,,,,,,,,,,14.366,0.034,13.798,0.038,13.822,0.056,AAA-222-111-000-0-0,38.0,13.681,0.026,13.805,0.039,12.41,,8.337,,15.8432,0.00252288,0.021,gaiaj,,4636.0,176.0,,,,,,,,,,,DWARF,,,,,,,,,,,,0.04378762136382009,245936720.0,348.82718,-11.383785000000001,GO19067_LC|GO19068_LC
139,4610924,349.0534,-11.381,62.44,-48.58,16.303,STAR,2mass,20180610,,,,23161281-1122516,,J231612.86-112252.1,2413423246965077632,,,tmgaia,2.0,2.0,sblink,,,,63.461179,-62.652193,345.479155,-6.142326,21.071,0.163,19.89,0.2,,,,,,,,,,,14.349,0.033,13.698,0.033,13.374,0.04,AAA-222-111-000-0-0,35.6,13.212,0.023,13.016,0.028,11.708,0.281,8.835,,17.6125,0.00899405,0.062,cdwrf,cdwrf,2955.0,96.0,5.13527,0.496238,,,0.154,0.032,0.118,0.032,32.3087,20.1405,DWARF,0.00162916887,0.0006770572,,,,,19.0,0.4333979,,,0.000230157151,0.07956439637017322,245936776.0,349.05338,-11.38101,GO19063_LC
140,4602758,348.837998,-11.38019,6.039,-7.98455,13.538,STAR,2mass,20180610,,,394-128666,23152111-1122486,,J231521.11-112248.9,2413425377268728064,7402922,,tmgaia,2.24052,2.24052,hsoy,,,,63.177502,-62.486319,345.284159,-6.058672,15.271,0.08,14.544,0.183,,,,,,,,,,,12.812,0.027,12.348,0.025,12.272,0.03,AAA-222-111-000-0-0,29.7,12.189,0.022,12.246,0.024,11.991,0.363,8.846,,14.0761,0.000940823,0.019,gaiaj,,4859.0,179.0,,,,,,,,,,,DWARF,,,,,0.0354552,,,,,,,0.0941436264428856,245936793.0,348.83797999999996,-11.380208999999999,GO19067_LC|GO19068_LC
141,4610920,348.933938,-11.349473,-8.22053,1.69104,14.421,STAR,2mass,20180610,,,394-128676,23154414-1120581,,J231544.13-112057.9,2413426339341539712,7403144,,tmgaia,2.22029,2.22029,hsoy,,,,63.356282,-62.540928,345.38328,-6.06734,16.891,0.034,15.659,0.069,,,,,,,,,,,13.482,0.027,12.843,0.028,12.74,0.032,AAA-222-111-000-0-0,68.3,12.706,0.023,12.794,0.027,12.359,,8.845,,15.1112,0.00163259,0.019,gaiaj,,4266.0,167.0,,,,,,,,,,,GIANT,,,,,,,,,,,,0.1598130787406931,245937414.0,348.93396,-11.349434,GO19067_LC|GO19068_LC
142,4611188,349.112352,-11.342385,-13.3396,-7.14283,11.916,STAR,2mass,20180610,,,394-128695,23162696-1120325,,J231626.94-112032.7,2413428916321778688,7403544,,tmgaia,0.971662,1.01676,hsoy,,,,63.605426,-62.673254,345.547869,-6.12952,13.045,0.03,12.607,0.092,,,,,,,,,,,11.399,0.024,11.154,0.022,11.105,0.024,AAA-222-111-000-0-0,46.1,11.061,0.022,11.101,0.021,11.219,0.195,8.853,,12.2975,0.000397746,0.018,gaiaj,splin,5864.0,190.0,4.32938,2.00354,,,1.16754,1.16754,1.06046891,0.126197,0.666321,1.99896,DWARF,1.4521575,1.4521575,446.069,,0.0324108,,14.0,0.00275104912,,,0.0003624158,0.06638756463753678,245937556.0,349.11234,-11.342399,GO19049_LC|GO19065_LC|GO19067_LC
143,4610915,348.986115,-11.332473,10.5356,-20.7096,14.74,STAR,2mass,20180610,,,394-128686,23155666-1119568,,J231556.65-111957.1,2413426614219452928,7403269,,tmgaia,2.22029,2.22029,hsoy,,,,63.454277,-62.570361,345.437308,-6.07179,16.855,0.036,15.769,0.137,,,,,,,,,,,13.874,0.028,13.315,0.032,13.211,0.039,AAA-222-111-000-0-0,43.6,13.093,0.023,13.14,0.032,12.338,,8.858,,15.3788,0.00190396,0.019,gaiaj,,4607.0,176.0,,,,,,,,,,,DWARF,,,578.186,,0.0353,,16.0,0.006118961,,,,0.33622454271579205,245937765.0,348.98602,-11.332466,GO19067_LC|GO19068_LC
144,4602767,348.896881,-11.330567,,,18.049,STAR,2mass,20180610,,,,23153525-1119500,,J231535.28-111950.4,,,,2mass,,,,,,,63.339355,-62.500721,345.357139,-6.035689,20.249,0.166,,,,,,,,,,,,,16.754,0.159,15.995,0.195,15.132,0.154,CCB-222-111-000-0-0,21.4,14.943,0.037,14.511,0.061,12.429,,8.174,,,,0.213,bpjk,,3460.0,165.0,,,,,,,,,,,,,,,,,,,,,,,0.0036025189111048,245937809.0,348.89687999999995,-11.330567,GO19059_LC
145,4602768,348.8498,-11.3287,59.85,9.92,13.522,STAR,2mass,20180610,,,394-128667,23152395-1119431,,J231523.99-111943.1,2413474236816831872,7402957,,tmgaia,2.0,2.0,sblink,,,,63.280377,-62.463411,345.31518,-6.015854,16.548,0.153,15.117,0.073,,,,,,,,,,,12.325,0.026,11.67,0.022,11.529,0.026,AAA-222-111-000-0-0,54.4,11.406,0.023,11.326,0.021,11.442,0.217,8.456,,14.2984,0.00105408,0.04,cdwrf,cdwrf,3978.0,74.0,4.68188,0.328333,,,0.618,0.087,0.669,0.113,2.8344,1.19705,DWARF,0.08616497,0.0242600422,266.078949,,0.0358146,,17.0,0.006543058,,,0.00034362587,0.053279999987220265,245937844.0,348.8498,-11.328685,GO19063_LC|GO19067_LC|GO19068_LC
146,4602774,348.851419,-11.313646,10.8965,-21.5321,12.2,STAR,2mass,20180610,,,394-128669,23152433-1118491,,J231524.34-111849.4,2413474236816685056,7402961,,tmgaia,1.00263,1.00252,hsoy,,,,63.308009,-62.455293,345.322588,-6.002631,13.688,0.028,12.972,0.103,,,,,,,,,,,11.583,0.026,11.21,0.022,11.189,0.022,AAA-222-111-000-0-0,54.4,11.115,0.023,11.202,0.021,11.068,0.162,8.634,,12.6571,0.000471248,0.019,gaiaj,splin,5478.0,186.0,4.40392,2.00409,,,1.01892,1.01892,0.958898365,0.122639,0.906465,2.71939,DWARF,0.8422946,0.8422946,358.942,,0.0357953,,13.0,0.0152875446,,,0.000375265518,0.0912829933115382,245938152.0,348.8514,-11.313663,GO19049_LC|GO19065_LC|GO19067_LC
147,4610911,348.944979,-11.31074,8.62722,-6.12302,15.015,STAR,2mass,20180610,,,394-128680,23154679-1118386,,J231546.80-111838.8,2413427610651874304,7403170,,tmgaia,2.22029,2.22029,hsoy,,,,63.436601,-62.525273,345.408584,-6.035966,17.505,-0.114,16.467,0.115,,,,,,,,,,,13.997,0.028,13.436,0.036,13.198,0.039,AAA-222-111-000-0-0,24.1,13.229,0.024,13.288,0.03,12.44,,8.277,,15.7591,0.00239388,0.019,gaiaj,,4100.0,171.0,,,,,,,,,,,DWARF,,,,,,,,,,,,0.035456168268639,245938214.0,348.94498,-11.31073,GO19067_LC|GO19068_LC
148,4611199,349.0851,-11.291331,2.1883,-6.4634,18.437,STAR,2mass,20180610,,,,23162042-1117287,,J231620.47-111728.7,2413430050193305600,,,tmgaia,2.32459,2.32424,hsoy,,,,63.655782,-62.620478,345.543324,-6.072072,19.055,0.153,,,,,,,,,,,,,16.703,0.146,15.993,0.199,15.1,,BCU-220-110-000-0-0,72.4,15.487,0.045,15.398,0.112,12.424,,8.815,,19.6251,0.0508478,0.077,gaiaj,,3787.0,168.0,,,,,,,,,,,DWARF,,,,,,,,,,,,0.0064799999946051215,245938596.0,349.0851,-11.291329,GO19059_LC
149,4610906,348.937567,-11.291075,37.0577,2.95478,14.353,STAR,2mass,20180610,,,394-128677,23154501-1117278,,J231545.03-111727.9,2413427713731096192,7403152,,tmgaia,2.22029,2.22029,hsoy,,,,63.460099,-62.50733,345.409624,-6.015026,16.862,0.162,15.566,0.035,,,,,,,,,,,13.4,0.024,12.802,0.028,12.671,0.03,AAA-222-111-000-0-0,49.9,12.605,0.023,12.683,0.026,11.827,,8.826,,15.0537,0.00158065,0.018,gaiaj,splin,4368.0,174.0,4.56706,0.236556,,,0.712611,0.0729535,0.6828643,0.0809022,1.88702,0.579551,DWARF,0.1665445,0.0340999626,422.801,,0.0364,,21.0,0.000131107518,,,,0.025950377565415503,245938600.0,348.93756,-11.291077,GO19067_LC|GO19068_LC
150,4611200,349.0654,-11.2858,53.12,12.11,17.088,STAR,2mass,20180610,,,,23161569-1117088,,J231615.72-111708.6,,,,2mass,2.0,2.0,sblink,,,,63.638896,-62.601945,345.527642,-6.059398,,,19.37,0.2,,,,,,,,,,,15.313,0.051,14.771,0.065,14.297,0.079,AAA-222-111-000-0-0,54.1,14.409,0.029,14.252,0.048,12.391,,8.313,,,,0.072,cdwrf,cdwrf,3306.0,114.0,4.96369,0.550897,,,0.288,0.067,0.278,0.082,11.6377,8.12215,DWARF,0.008926703,0.00415339647,599.097,,,,15.0,0.00189056888,,,4.392324e-05,0.12196353266946258,245938707.0,349.06537000000003,-11.285783,GO19063_LC
151,4619642,349.204955,-11.282415,,,16.658,STAR,2mass,20180610,,,,23164918-1116566,,J231649.22-111656.6,,,,2mass,,,,,,,63.831262,-62.706506,345.655546,-6.110051,18.188,0.09,,,,,,,,,,,,,15.641,0.081,14.968,0.098,14.287,0.088,AAA-222-111-000-0-0,73.9,13.794,0.026,13.611,0.036,11.885,,9.039,,,,0.156,bpjk,,3950.0,170.0,,,,,,,,,,,,,,,,,,,,,,,0.01766682333990753,245938779.0,349.20496,-11.282415,GO19059_LC
152,4610899,349.0392,-11.2651,-56.86,-80.71,13.981,STAR,2mass,20180610,,,394-128688,23160939-1115541,,J231609.34-111555.1,2413433280008722688,7403382,,tmgaia,2.0,2.0,sblink,,,,63.639072,-62.56895,345.512055,-6.03027,17.237,0.146,15.866,0.023,,,,,,,,,,,12.689,0.022,12.056,0.024,11.828,0.025,AAA-222-111-000-0-0,58.6,11.719,0.022,11.675,0.021,11.642,0.262,8.311,,14.891,0.0014443,0.059,cdwrf,cdwrf,3769.0,68.0,4.74992,0.345156,,,0.527,0.078,0.569,0.101,3.88759,1.72618,DWARF,0.0504917577,0.0149463266,280.268951,,0.033168,,16.0,5.61389425e-05,,,0.000294112629,0.31352278736998235,245939138.0,349.03912,-11.265062,GO19063_LC|GO19067_LC|GO19068_LC
153,4619635,349.180483,-11.248313,24.1341,3.4088,15.218,STAR,2mass,20180610,,,394-128701,23164331-1114539,,J231643.34-111453.8,2413431939978931456,,,tmgaia,2.2203,2.22029,hsoy,,,,63.856302,-62.666419,345.646827,-6.069261,18.614,0.163,16.683,1.133,,,,,,,,,,,14.027,0.031,13.401,0.033,13.224,0.036,AAA-222-111-000-0-0,25.8,13.143,0.024,13.096,0.03,12.392,,8.842,,16.0785,0.00293276,0.02,gaiaj,,3987.0,170.0,,,,,,,,,,,DWARF,,,,,,,,,,,,0.06403992657472748,245939500.0,349.1805,-11.248319,GO19067_LC|GO19068_LC
154,4619633,349.2896,-11.2325,91.33,-11.44,13.508,STAR,2mass,20180610,,,394-128714,23170948-1113570,,J231709.55-111357.1,2413524986150028672,7404003,,tmgaia,2.0,2.0,sblink,,,,64.029822,-62.739711,345.752047,-6.096779,16.506,0.099,15.135,0.057,,,,,,,,,,,12.328,0.025,11.686,0.023,11.511,0.023,AAA-222-111-000-0-0,52.5,11.403,0.023,11.356,0.021,11.387,0.191,8.346,,14.2977,0.00105368,0.049,cdwrf,cdwrf,3986.0,68.0,4.67961,0.326779,,,0.621,0.087,0.672,0.113,2.80604,1.17935,DWARF,0.08770555,0.0245745033,265.876953,,0.0284948,,18.0,0.000319934858,,,0.000345607259,0.2900637671496625,245939811.0,349.28952000000004,-11.232517999999999,GO19063_LC|GO19067_LC|GO19068_LC
155,4619629,349.260652,-11.217875,-7.95424,-26.0995,10.939,STAR,2mass,20180610,,5824-01036-1,394-128709,23170255-1113043,,J231702.54-111304.5,2413525157948692864,7403917,,tmgaia,2.44501,1.27806,tgas,2.85571,0.756628,tgas,64.015617,-62.708442,345.731571,-6.072171,12.153,0.344,11.486,0.024,,,,,,,,,,,10.38,0.023,10.074,0.021,10.019,0.021,AAA-222-111-000-0-0,65.7,9.963,0.023,10.028,0.02,10.032,0.06,8.603,,11.3519,0.000345996,0.018,gaiaj,spec,5835.3,76.0,3.78,0.12,-0.06,0.1,2.4904,0.445228,1.36365592,0.130092,0.0882872,0.0473514,DWARF,6.478663,2.31648064,258.79,73.3466,0.0281248,,21.0,0.0008840591,,,0.000233216953,0.09891610219142286,245940149.0,349.26068,-11.217874,GO19049_LC|GO19065_LC|GO19067_LC
156,4619621,349.226777,-11.197247,,,13.334,STAR,2mass,20180610,,,395-131394,23165442-1111500,,J231654.43-111149.9,2413525982582413568,7403820,,tmmgaia,,,,,,,64.004967,-62.669637,345.708996,-6.040144,14.519,0.044,14.005,0.183,,,,,,,,,,,12.814,0.023,12.522,0.027,12.539,0.03,AAA-222-111-000-0-0,47.6,12.419,0.023,12.445,0.027,12.217,,8.574,,13.7168,0.0008,0.018,gaiaj,splin,5926.0,191.0,4.31804,,,,1.19386,1.19386,1.08025241,0.130766,0.634834,0.634834,,1.58362079,1.58362079,837.747,,0.0280262,,17.0,,,,,0.048686672280470814,245940582.0,349.22677999999996,-11.19726,GO19049_LC|GO19067_LC
157,4619619,349.233145,-11.185594,-7.21292,-14.1718,14.618,STAR,2mass,20180610,,,395-131397,23165595-1111081,,J231655.94-111108.2,2413526291820094208,7403837,,tmgaia,2.22029,2.22029,hsoy,,,,64.033251,-62.667154,345.719376,-6.031883,16.726,0.153,15.707,0.206,,,,,,,,,,,13.787,0.026,13.228,0.027,13.15,0.033,AAA-222-111-000-0-0,21.1,13.095,0.024,13.189,0.032,11.692,,8.502,,15.2326,0.00174926,0.019,gaiaj,,4608.0,176.0,,,,,,,,,,,DWARF,,,588.644,,0.028,,20.0,0.026043307,,,,0.020332581995013005,245940811.0,349.23315,-11.185591,GO19067_LC|GO19068_LC
158,49529595,349.319722,-11.17343,,,17.219,STAR,2mass,20180610,,,,23171673-1110243,,J231716.69-111024.0,,,,2mass,,,,,,,64.170569,-62.725414,345.80272,-6.054079,15.166,0.164,,,,,,,,,,,,,16.719,0.16,16.242,0.231,15.442,0.199,CDC-222-111-000-0-0,40.5,14.528,0.031,14.384,0.052,11.019,0.15,8.05,,,,0.8,joffs,,6169.0,194.0,,,,,,,,,,,,,,,,,,,,,,,0.02826327186464136,245941087.0,349.31973,-11.17343,GO19059_LC
159,4619616,349.23136,-11.172616,2.60368,1.09003,16.944,STAR,2mass,20180610,,,395-131395,23165552-1110214,,J231655.53-111021.3,2413526296115055744,7403833,,tmgaia,2.22882,2.22777,hsoy,,,,64.0528,-62.65762,345.722885,-6.019261,17.029,0.156,16.123,0.013,,,,,,,,,,,14.695,0.07,13.968,0.089,13.557,0.083,AAA-222-111-000-1-0,30.6,12.726,0.024,12.694,0.027,10.614,0.102,8.75,0.505,18.398,0.0172788,0.033,gaiaj,,4532.0,169.0,,,,,,,,,,,GIANT,,,,,,,,,,,,1.91442673770469,245941110.0,349.2319,-11.172661999999999,GO19053_LC|GO19059_LC|GO19067_LC
160,49529597,349.348619,-11.16755,33.6474,-11.9415,15.276,STAR,2mass,20180610,,,395-131405,23172366-1110031,,J231723.69-111003.3,2413527047734341376,7404109,,tmgaia,2.22073,2.2203,hsoy,,,,64.219595,-62.743685,345.831258,-6.059816,16.944,0.134,16.382,0.366,,,,,,,,,,,14.514,0.032,13.947,0.033,13.834,0.046,AAA-222-111-000-0-0,61.1,13.875,0.026,13.837,0.04,12.323,,8.484,,15.8401,0.00251803,0.02,gaiaj,,4615.0,176.0,,,,,,,,,,,DWARF,,,,,,,,,,,,0.1503138249664264,245941221.0,349.34866,-11.167561,GO19067_LC|GO19068_LC
161,49529598,349.366377,-11.165511,12.6663,1.44438,14.081,STAR,2mass,20180610,,,395-131406,23172792-1109558,,J231727.94-110955.8,2413527082094080128,7404154,,tmgaia,2.2851,2.23118,hsoy,,,,64.247089,-62.755901,345.848174,-6.06479,15.958,0.091,15.076,0.16,,,,,,,,,,,13.307,0.024,12.828,0.025,12.701,0.03,AAA-222-111-000-0-0,63.2,12.639,0.024,12.716,0.027,12.041,,8.921,,14.654,0.00127036,0.018,gaiaj,splin,4834.0,178.0,4.517,2.00347,,,0.809092,0.809092,0.7844491,0.0924499,1.48105,4.44316,DWARF,0.322045416,0.322045416,535.709,,0.0283,,11.0,0.000103760744,,,,0.15551651087351687,245941254.0,349.36642,-11.165519999999999,GO19067_LC|GO19068_LC
162,49529599,349.309115,-11.162559,-13.8116,-30.3142,12.217,STAR,2mass,20180610,,,395-131403,23171418-1109451,,J231714.18-110945.5,2413525810783721088,7404041,,tmgaia,2.2203,2.22029,hsoy,,,,64.174634,-62.710482,345.797395,-6.039993,14.025,0.029,13.151,0.114,,,,,,,,,,,11.473,0.024,11.0,0.023,10.867,0.023,AAA-222-111-000-0-0,43.1,10.856,0.023,10.934,0.021,10.865,0.127,9.014,,12.7689,0.000496924,0.018,gaiaj,splin,4866.0,179.0,4.51295,2.00346,,,0.817181,0.817181,0.7927871,0.093369,1.45278,4.35835,DWARF,0.337302983,0.337302983,234.78,,0.0282056,,21.0,0.00392452953,,,0.0005182409,0.11213384479181618,245941322.0,349.30914,-11.162578,GO19049_LC|GO19065_LC|GO19067_LC|GO19068_LC
163,49531841,349.4574,-11.118,55.41,-12.02,15.384,STAR,2mass,20180610,,,,23174977-1107048,,J231749.80-110705.0,2413515949539105664,,,tmgaia,2.0,2.0,sblink,,,,64.451065,-62.794957,345.949535,-6.056222,19.431,0.162,17.89,0.2,,,,,,,,,,,13.796,0.026,13.183,0.031,12.916,0.029,AAA-222-111-000-0-0,31.1,12.84,0.024,12.694,0.026,11.72,,8.845,,16.165,0.00310401,0.06,cdwrf,cdwrf,3343.0,102.0,4.94272,0.505481,,,0.307,0.066,0.301,0.08,10.4028,6.70931,DWARF,0.0106051536,0.004559871,295.766235,,,,17.0,0.005072442,,,0.000189256,0.13273092014471927,245942383.0,349.45737,-11.118022,GO19063_LC|GO19067_LC|GO19068_LC
164,49531827,349.492911,-11.06216,-1.09114,0.928159,18.291,STAR,2mass,20180610,,,,23175829-1103437,,J231758.29-110343.8,2413534125840717312,,,tmgaia,2.85332,2.85179,hsoy,,,,64.593803,-62.78642,346.003836,-6.018586,19.513,0.123,,,,,,,,,,,,,16.234,0.116,15.442,0.123,14.954,0.143,BBB-222-111-000-0-0,71.3,14.339,0.031,13.955,0.04,12.202,,8.309,,19.6512,0.0520573,0.069,gaiaj,,3789.0,168.0,,,,,,,,,,,GIANT,,,,,,,,,,,,0.031806145587163694,245943851.0,349.49292,-11.06216,GO19059_LC
165,49554720,349.546579,-11.05508,12.027,-1.34041,13.215,STAR,2mass,20180610,,,395-131418,23181117-1103182,,J231811.18-110318.4,2413522477889372288,7404624,,tmgaia,2.22029,2.22029,hsoy,,,,64.679077,-62.822552,346.055332,-6.032794,14.751,0.032,14.031,0.137,,,,,,,,,,,12.552,0.024,12.17,0.027,12.103,0.027,AAA-222-111-000-0-0,67.0,12.026,0.023,12.078,0.023,12.249,0.371,8.546,,13.7073,0.000782291,0.018,gaiaj,splin,5300.0,184.0,4.44051,2.00388,,,0.952313,0.952313,0.911254764,0.113648,1.05512,3.16535,DWARF,0.644699931,0.644699931,523.564,,0.0294353,,12.0,5.22145419e-05,,,,0.19869341481467295,245944073.0,349.5466,-11.055131,GO19049_LC|GO19067_LC
166,4610913,349.01237,-11.318146,-14.4252,-2.28747,17.61,STAR,2mass,20180610,,,,23160297-1119053,,,2413432524094458496,,,tmgaia,2.41778,2.41772,hsoy,,,,63.513455,-62.581547,345.466775,-6.068723,19.819,0.125,,,,,,,,,,,,,16.502,0.118,16.121,0.193,15.479,0.216,BCC-222-111-000-0-0,44.0,,,,,,,,,18.4158,0.0175438,0.053,gaiaj,,4016.0,170.0,,,,,,,,,,,DWARF,,,,,,,,,,,,5.111138383539748,251456407.0,349.01373,-11.318633,GO19016_LC|GO19029_LC
167,4579821,348.261476,-11.690678,2.42603,-9.34769,16.515,STAR,2mass,20180610,,,,23130275-1141264,,J231302.76-114126.4,2413062400992915712,,,tmgaia,2.41409,2.41319,hsoy,,,,61.902029,-62.230683,344.639135,-6.122829,16.92,0.079,,,,,,,,,,,,,15.98,0.07,15.652,0.119,15.321,,ABU-220-110-000-0-0,99.2,15.51,0.046,15.555,0.139,12.03,,8.512,,16.9092,0.00522474,0.034,gaiaj,,5631.0,188.0,,,,,,,,,,,DWARF,,,,,,,,,,,,52.95770749318525,251813843.0,348.25412,-11.703503999999999,GO19033_LC
168,4579843,348.279166,-11.809883,-2.72308,-3.18046,18.006,STAR,2mass,20180610,,,,23130700-1148355,,J231306.97-114835.1,2413059171176940544,,,tmgaia,2.30781,2.30674,hsoy,,,,61.720616,-62.316625,344.608192,-6.239291,14.708,0.035,,,,,,,,,,,,,15.459,,14.604,,14.858,0.137,UUB-662-002-00c-0-0,73.7,13.817,0.027,13.676,0.039,10.368,0.084,8.172,0.315,19.5178,0.046188,0.062,gaiak,,7426.0,211.0,,,,,,,,,,,GIANT,,,,,,,,,,,,0.6644450287152504,251816599.0,348.27902,-11.809766,GO19059_LC
169,4520629,347.835094,-11.809527,,,15.668,STAR,2mass,20180610,,,,23112042-1148342,,J231120.31-114835.6,,,,2mass,,,,,,,61.161811,-61.969115,344.206023,-6.068823,15.882,0.035,,,,,,,,,,,,,15.192,,14.406,,14.868,0.146,UUB-002-001-000-0-0,81.4,14.122,0.038,13.956,0.058,11.232,0.187,8.324,,,,1.4,koffs,,6695.0,201.0,,,,,,,,,,,,,,,,,,,,,,,1.5288121052355814,251816601.0,347.8352,-11.809115,GO19059_LC
170,49531836,349.42973,-11.097432,9.923,1.49316,15.807,STAR,2mass,20180610,,,395-131412,23174313-1105507,,J231743.14-110550.7,2413527769289108992,7404321,,tmgaia,2.37754,2.28065,hsoy,,,,64.448187,-62.76092,345.932565,-6.026635,16.838,0.059,16.182,1.133,,,,,,,,,,,15.172,0.047,14.827,0.057,14.619,0.095,AAA-222-111-000-0-0,30.1,14.653,0.031,14.777,0.066,11.933,,9.111,,16.2785,0.00334791,0.025,gaiaj,,5656.0,188.0,,,,,,,,,,,DWARF,,,,,,,,,,,,26.592016445882546,251816651.0,349.4267,-11.09067,GO19059_LC
